X0RRI,Indigo,BANGLORE - (BLR),KOZHIKODE - (CCJ),08-09-2020 21:05,09-09-2020 03:06,6,4,First Class,FLYMORE,5640
MDHR4,Indigo,BANGLORE - (BLR),CHENNAI - (MAA),09-09-2020 10:21,09-09-2020 16:21,6,4,First Class,FLYMORE,4542
5GJOT,Indigo,BANGLORE - (BLR),MUMBAI - (BOM),10-09-2020 09:10,10-09-2020 15:10,6,4,First Class,FLYMORE,4650
49LWB,Indigo,BANGLORE - (BLR),DELHI - (DEL),11-09-2020 02:05,11-09-2020 08:05,6,4,First Class,FLYMORE,5010
GVRY6,Indigo,BANGLORE - (BLR),COIMBATORE - (CBE),12-09-2020 10:05,12-09-2020 16:05,6,4,First Class,FLYMORE,6540
UJ62P,Indigo,BANGLORE - (BLR),KOZHIKODE - (CCJ),08-09-2020 21:05,09-09-2020 02:06,5,3,First Class,TRAVELNOW,4500
LPW73,Indigo,BANGLORE - (BLR),CHENNAI - (MAA),09-09-2020 10:21,09-09-2020 15:21,5,3,First Class,TRAVELNOW,8540
DLERB,Indigo,BANGLORE - (BLR),MUMBAI - (BOM),10-09-2020 09:10,10-09-2020 14:10,5,3,First Class,TRAVELNOW,8950
UOVC8,Indigo,BANGLORE - (BLR),DELHI - (DEL),11-09-2020 02:05,11-09-2020 07:05,5,3,First Class,TRAVELNOW,7845
RIFV0,Indigo,BANGLORE - (BLR),COIMBATORE - (CBE),12-09-2020 10:05,12-09-2020 15:05,5,3,First Class,TRAVELNOW,7865
LSFZB,Indigo,BANGLORE - (BLR),KOZHIKODE - (CCJ),08-09-2020 21:05,09-09-2020 01:06,4,2,ECONOMY,FLYMORE,4510
AAAA7,Indigo,BANGLORE - (BLR),CHENNAI - (MAA),09-09-2020 10:21,09-09-2020 14:21,4,2,ECONOMY,FLYMORE,4545
MK6SG,Indigo,BANGLORE - (BLR),MUMBAI - (BOM),10-09-2020 09:10,10-09-2020 13:10,4,2,ECONOMY,FLYMORE,5656
ROSRY,Indigo,BANGLORE - (BLR),DELHI - (DEL),11-09-2020 02:05,11-09-2020 06:05,4,2,ECONOMY,FLYMORE,3456
7RGBE,Indigo,BANGLORE - (BLR),COIMBATORE - (CBE),12-09-2020 10:05,12-09-2020 14:05,4,2,ECONOMY,FLYMORE,5642
75YNG,Indigo,BANGLORE - (BLR),KOZHIKODE - (CCJ),08-09-2020 21:05,09-09-2020 00:06,3,1,ECONOMY,TRAVELNOW,3210
AO22Q,Indigo,BANGLORE - (BLR),CHENNAI - (MAA),09-09-2020 10:21,09-09-2020 13:21,3,1,ECONOMY,TRAVELNOW,2210
MRS2G,Indigo,BANGLORE - (BLR),MUMBAI - (BOM),10-09-2020 09:10,10-09-2020 12:10,3,1,ECONOMY,TRAVELNOW,4230
Z9YSA,Indigo,BANGLORE - (BLR),DELHI - (DEL),11-09-2020 02:05,11-09-2020 05:05,3,1,ECONOMY,TRAVELNOW,3420
A9YSB,Indigo,BANGLORE - (BLR),COIMBATORE - (CBE),12-09-2020 10:05,12-09-2020 13:05,3,1,ECONOMY,TRAVELNOW,2230
UNSI1,Indigo,BANGLORE - (BLR),KOZHIKODE - (CCJ),08-09-2020 21:05,08-09-2020 23:06,2,0,BUSINESS,FLYMORE,9000
0WBDT,Indigo,BANGLORE - (BLR),CHENNAI - (MAA),09-09-2020 10:21,09-09-2020 12:21,2,0,BUSINESS,FLYMORE,8540
1BI4O,Indigo,BANGLORE - (BLR),MUMBAI - (BOM),10-09-2020 09:10,10-09-2020 11:10,2,0,BUSINESS,TRAVELNOW,8950
R8RC6,Indigo,BANGLORE - (BLR),DELHI - (DEL),11-09-2020 02:05,11-09-2020 04:05,2,0,BUSINESS,TRAVELNOW,7845
BSEEN,Indigo,BANGLORE - (BLR),COIMBATORE - (CBE),12-09-2020 10:05,12-09-2020 12:05,2,0,BUSINESS,TRAVELNOW,7865
EYWO9,AirAsia,BANGLORE - (BLR),KOZHIKODE - (CCJ),08-09-2020 21:05,09-09-2020 03:06,6,4,First Class,FLYMORE,5640
QJY9Z,AirAsia,BANGLORE - (BLR),CHENNAI - (MAA),09-09-2020 10:21,09-09-2020 16:21,6,4,First Class,FLYMORE,4542
4IHFX,AirAsia,BANGLORE - (BLR),MUMBAI - (BOM),10-09-2020 09:10,10-09-2020 15:10,6,4,First Class,FLYMORE,4650
GNQEX,AirAsia,BANGLORE - (BLR),DELHI - (DEL),11-09-2020 02:05,11-09-2020 08:05,6,4,First Class,FLYMORE,5010
7JV5P,AirAsia,BANGLORE - (BLR),COIMBATORE - (CBE),12-09-2020 10:05,12-09-2020 16:05,6,4,First Class,FLYMORE,6540
X400R,AirAsia,BANGLORE - (BLR),KOZHIKODE - (CCJ),08-09-2020 21:05,09-09-2020 02:06,5,3,First Class,TRAVELNOW,4500
4XOTT,AirAsia,BANGLORE - (BLR),CHENNAI - (MAA),09-09-2020 10:21,09-09-2020 15:21,5,3,First Class,TRAVELNOW,8540
ZVJVP,AirAsia,BANGLORE - (BLR),MUMBAI - (BOM),10-09-2020 09:10,10-09-2020 14:10,5,3,First Class,TRAVELNOW,8950
80CKG,AirAsia,BANGLORE - (BLR),DELHI - (DEL),11-09-2020 02:05,11-09-2020 07:05,5,3,First Class,TRAVELNOW,7845
ZCM5J,AirAsia,BANGLORE - (BLR),COIMBATORE - (CBE),12-09-2020 10:05,12-09-2020 15:05,5,3,First Class,TRAVELNOW,7865
DENWO,AirAsia,BANGLORE - (BLR),KOZHIKODE - (CCJ),08-09-2020 21:05,09-09-2020 01:06,4,2,ECONOMY,FLYMORE,4510
055KI,AirAsia,BANGLORE - (BLR),CHENNAI - (MAA),09-09-2020 10:21,09-09-2020 14:21,4,2,ECONOMY,FLYMORE,4545
TJKDL,AirAsia,BANGLORE - (BLR),MUMBAI - (BOM),10-09-2020 09:10,10-09-2020 13:10,4,2,ECONOMY,FLYMORE,5656
8QIHW,AirAsia,BANGLORE - (BLR),DELHI - (DEL),11-09-2020 02:05,11-09-2020 06:05,4,2,ECONOMY,FLYMORE,3456
2OGD2,AirAsia,BANGLORE - (BLR),COIMBATORE - (CBE),12-09-2020 10:05,12-09-2020 14:05,4,2,ECONOMY,FLYMORE,5642
46QJ8,AirAsia,BANGLORE - (BLR),KOZHIKODE - (CCJ),08-09-2020 21:05,09-09-2020 00:06,3,1,ECONOMY,TRAVELNOW,3210
2A1HC,AirAsia,BANGLORE - (BLR),CHENNAI - (MAA),09-09-2020 10:21,09-09-2020 13:21,3,1,ECONOMY,TRAVELNOW,2210
XNEPU,AirAsia,BANGLORE - (BLR),MUMBAI - (BOM),10-09-2020 09:10,10-09-2020 12:10,3,1,ECONOMY,TRAVELNOW,4230
04LK1,AirAsia,BANGLORE - (BLR),DELHI - (DEL),11-09-2020 02:05,11-09-2020 05:05,3,1,ECONOMY,TRAVELNOW,3420
8NZY7,AirAsia,BANGLORE - (BLR),COIMBATORE - (CBE),12-09-2020 10:05,12-09-2020 13:05,3,1,ECONOMY,TRAVELNOW,2230
SV80H,AirAsia,BANGLORE - (BLR),KOZHIKODE - (CCJ),08-09-2020 21:05,08-09-2020 23:06,2,0,BUSINESS,FLYMORE,9000
YCM6T,AirAsia,BANGLORE - (BLR),CHENNAI - (MAA),09-09-2020 10:21,09-09-2020 12:21,2,0,BUSINESS,FLYMORE,8540
ULFKA,AirAsia,BANGLORE - (BLR),MUMBAI - (BOM),10-09-2020 09:10,10-09-2020 11:10,2,0,BUSINESS,TRAVELNOW,8950
YRMN7,AirAsia,BANGLORE - (BLR),DELHI - (DEL),11-09-2020 02:05,11-09-2020 04:05,2,0,BUSINESS,TRAVELNOW,7845
FVWGO,AirAsia,BANGLORE - (BLR),COIMBATORE - (CBE),12-09-2020 10:05,12-09-2020 12:05,2,0,BUSINESS,TRAVELNOW,7865
V09EB,AirIndia,BANGLORE - (BLR),KOZHIKODE - (CCJ),08-09-2020 21:05,09-09-2020 03:06,6,4,First Class,FLYMORE,5640
96WGW,AirIndia,BANGLORE - (BLR),CHENNAI - (MAA),09-09-2020 10:21,09-09-2020 16:21,6,4,First Class,FLYMORE,4542
5Y0L2,AirIndia,BANGLORE - (BLR),MUMBAI - (BOM),10-09-2020 09:10,10-09-2020 15:10,6,4,First Class,FLYMORE,4650
U1O1X,AirIndia,BANGLORE - (BLR),DELHI - (DEL),11-09-2020 02:05,11-09-2020 08:05,6,4,First Class,FLYMORE,5010
RRY4Q,AirIndia,BANGLORE - (BLR),COIMBATORE - (CBE),12-09-2020 10:05,12-09-2020 16:05,6,4,First Class,FLYMORE,6540
IE73L,AirIndia,BANGLORE - (BLR),KOZHIKODE - (CCJ),08-09-2020 21:05,09-09-2020 02:06,5,3,First Class,TRAVELNOW,4500
4YTYO,AirIndia,BANGLORE - (BLR),CHENNAI - (MAA),09-09-2020 10:21,09-09-2020 15:21,5,3,First Class,TRAVELNOW,8540
ZSEIO,AirIndia,BANGLORE - (BLR),MUMBAI - (BOM),10-09-2020 09:10,10-09-2020 14:10,5,3,First Class,TRAVELNOW,8950
USBPS,AirIndia,BANGLORE - (BLR),DELHI - (DEL),11-09-2020 02:05,11-09-2020 07:05,5,3,First Class,TRAVELNOW,7845
CJ0QU,AirIndia,BANGLORE - (BLR),COIMBATORE - (CBE),12-09-2020 10:05,12-09-2020 15:05,5,3,First Class,TRAVELNOW,7865
SC1TX,AirIndia,BANGLORE - (BLR),KOZHIKODE - (CCJ),08-09-2020 21:05,09-09-2020 01:06,4,2,ECONOMY,FLYMORE,4510
HC0GO,AirIndia,BANGLORE - (BLR),CHENNAI - (MAA),09-09-2020 10:21,09-09-2020 14:21,4,2,ECONOMY,FLYMORE,4545
ITJ17,AirIndia,BANGLORE - (BLR),MUMBAI - (BOM),10-09-2020 09:10,10-09-2020 13:10,4,2,ECONOMY,FLYMORE,5656
7RW1I,AirIndia,BANGLORE - (BLR),DELHI - (DEL),11-09-2020 02:05,11-09-2020 06:05,4,2,ECONOMY,FLYMORE,3456
LF97Q,AirIndia,BANGLORE - (BLR),COIMBATORE - (CBE),12-09-2020 10:05,12-09-2020 14:05,4,2,ECONOMY,FLYMORE,5642
9M6P8,AirIndia,BANGLORE - (BLR),KOZHIKODE - (CCJ),08-09-2020 21:05,09-09-2020 00:06,3,1,ECONOMY,TRAVELNOW,3210
VDSQT,AirIndia,BANGLORE - (BLR),CHENNAI - (MAA),09-09-2020 10:21,09-09-2020 13:21,3,1,ECONOMY,TRAVELNOW,2210
STHSQ,AirIndia,BANGLORE - (BLR),MUMBAI - (BOM),10-09-2020 09:10,10-09-2020 12:10,3,1,ECONOMY,TRAVELNOW,4230
QXNMH,AirIndia,BANGLORE - (BLR),DELHI - (DEL),11-09-2020 02:05,11-09-2020 05:05,3,1,ECONOMY,TRAVELNOW,3420
IJOX9,AirIndia,BANGLORE - (BLR),COIMBATORE - (CBE),12-09-2020 10:05,12-09-2020 13:05,3,1,ECONOMY,TRAVELNOW,2230
40SOM,AirIndia,BANGLORE - (BLR),KOZHIKODE - (CCJ),08-09-2020 21:05,08-09-2020 23:06,2,0,BUSINESS,FLYMORE,9000
5VYB3,AirIndia,BANGLORE - (BLR),CHENNAI - (MAA),09-09-2020 10:21,09-09-2020 12:21,2,0,BUSINESS,FLYMORE,8540
AAAXM,AirIndia,BANGLORE - (BLR),MUMBAI - (BOM),10-09-2020 09:10,10-09-2020 11:10,2,0,BUSINESS,TRAVELNOW,8950
PRPKX,AirIndia,BANGLORE - (BLR),DELHI - (DEL),11-09-2020 02:05,11-09-2020 04:05,2,0,BUSINESS,TRAVELNOW,7845
1FSZA,AirIndia,BANGLORE - (BLR),COIMBATORE - (CBE),12-09-2020 10:05,12-09-2020 12:05,2,0,BUSINESS,TRAVELNOW,7865
XEY5M,SpiceJet,BANGLORE - (BLR),KOZHIKODE - (CCJ),08-09-2020 21:05,09-09-2020 03:06,6,4,First Class,FLYMORE,5640
CI79B,SpiceJet,BANGLORE - (BLR),CHENNAI - (MAA),09-09-2020 10:21,09-09-2020 16:21,6,4,First Class,FLYMORE,4542
3DJM1,SpiceJet,BANGLORE - (BLR),MUMBAI - (BOM),10-09-2020 09:10,10-09-2020 15:10,6,4,First Class,FLYMORE,4650
1X7B0,SpiceJet,BANGLORE - (BLR),DELHI - (DEL),11-09-2020 02:05,11-09-2020 08:05,6,4,First Class,FLYMORE,5010
RC2IU,SpiceJet,BANGLORE - (BLR),COIMBATORE - (CBE),12-09-2020 10:05,12-09-2020 16:05,6,4,First Class,FLYMORE,6540
SV9NV,SpiceJet,BANGLORE - (BLR),KOZHIKODE - (CCJ),08-09-2020 21:05,09-09-2020 02:06,5,3,First Class,TRAVELNOW,4500
663RT,SpiceJet,BANGLORE - (BLR),CHENNAI - (MAA),09-09-2020 10:21,09-09-2020 15:21,5,3,First Class,TRAVELNOW,8540
G6FZU,SpiceJet,BANGLORE - (BLR),MUMBAI - (BOM),10-09-2020 09:10,10-09-2020 14:10,5,3,First Class,TRAVELNOW,8950
721SM,SpiceJet,BANGLORE - (BLR),DELHI - (DEL),11-09-2020 02:05,11-09-2020 07:05,5,3,First Class,TRAVELNOW,7845
6BWX8,SpiceJet,BANGLORE - (BLR),COIMBATORE - (CBE),12-09-2020 10:05,12-09-2020 15:05,5,3,First Class,TRAVELNOW,7865
JU229,SpiceJet,BANGLORE - (BLR),KOZHIKODE - (CCJ),08-09-2020 21:05,09-09-2020 01:06,4,2,ECONOMY,FLYMORE,4510
JPELN,SpiceJet,BANGLORE - (BLR),CHENNAI - (MAA),09-09-2020 10:21,09-09-2020 14:21,4,2,ECONOMY,FLYMORE,4545
IXARL,SpiceJet,BANGLORE - (BLR),MUMBAI - (BOM),10-09-2020 09:10,10-09-2020 13:10,4,2,ECONOMY,FLYMORE,5656
8RM96,SpiceJet,BANGLORE - (BLR),DELHI - (DEL),11-09-2020 02:05,11-09-2020 06:05,4,2,ECONOMY,FLYMORE,3456
HT84C,SpiceJet,BANGLORE - (BLR),COIMBATORE - (CBE),12-09-2020 10:05,12-09-2020 14:05,4,2,ECONOMY,FLYMORE,5642
925ED,SpiceJet,BANGLORE - (BLR),KOZHIKODE - (CCJ),08-09-2020 21:05,09-09-2020 00:06,3,1,ECONOMY,TRAVELNOW,3210
KUXPN,SpiceJet,BANGLORE - (BLR),CHENNAI - (MAA),09-09-2020 10:21,09-09-2020 13:21,3,1,ECONOMY,TRAVELNOW,2210
B7AIW,SpiceJet,BANGLORE - (BLR),MUMBAI - (BOM),10-09-2020 09:10,10-09-2020 12:10,3,1,ECONOMY,TRAVELNOW,4230
269VE,SpiceJet,BANGLORE - (BLR),DELHI - (DEL),11-09-2020 02:05,11-09-2020 05:05,3,1,ECONOMY,TRAVELNOW,3420
SR5JL,SpiceJet,BANGLORE - (BLR),COIMBATORE - (CBE),12-09-2020 10:05,12-09-2020 13:05,3,1,ECONOMY,TRAVELNOW,2230
40N8H,SpiceJet,BANGLORE - (BLR),KOZHIKODE - (CCJ),08-09-2020 21:05,08-09-2020 23:06,2,0,BUSINESS,FLYMORE,9000
GKRX2,SpiceJet,BANGLORE - (BLR),CHENNAI - (MAA),09-09-2020 10:21,09-09-2020 12:21,2,0,BUSINESS,FLYMORE,8540
E0BTU,SpiceJet,BANGLORE - (BLR),MUMBAI - (BOM),10-09-2020 09:10,10-09-2020 11:10,2,0,BUSINESS,TRAVELNOW,8950
JESZX,SpiceJet,BANGLORE - (BLR),DELHI - (DEL),11-09-2020 02:05,11-09-2020 04:05,2,0,BUSINESS,TRAVELNOW,7845
QI5HO,SpiceJet,BANGLORE - (BLR),COIMBATORE - (CBE),12-09-2020 10:05,12-09-2020 12:05,2,0,BUSINESS,TRAVELNOW,7865
G1V6J,JetAirways,BANGLORE - (BLR),KOZHIKODE - (CCJ),08-09-2020 21:05,09-09-2020 03:06,6,4,First Class,FLYMORE,5640
S6SWG,JetAirways,BANGLORE - (BLR),CHENNAI - (MAA),09-09-2020 10:21,09-09-2020 16:21,6,4,First Class,FLYMORE,4542
XKXH4,JetAirways,BANGLORE - (BLR),MUMBAI - (BOM),10-09-2020 09:10,10-09-2020 15:10,6,4,First Class,FLYMORE,4650
T39XO,JetAirways,BANGLORE - (BLR),DELHI - (DEL),11-09-2020 02:05,11-09-2020 08:05,6,4,First Class,FLYMORE,5010
XM22L,JetAirways,BANGLORE - (BLR),COIMBATORE - (CBE),12-09-2020 10:05,12-09-2020 16:05,6,4,First Class,FLYMORE,6540
QT151,JetAirways,BANGLORE - (BLR),KOZHIKODE - (CCJ),08-09-2020 21:05,09-09-2020 02:06,5,3,First Class,TRAVELNOW,4500
KDQK2,JetAirways,BANGLORE - (BLR),CHENNAI - (MAA),09-09-2020 10:21,09-09-2020 15:21,5,3,First Class,TRAVELNOW,8540
BW7SH,JetAirways,BANGLORE - (BLR),MUMBAI - (BOM),10-09-2020 09:10,10-09-2020 14:10,5,3,First Class,TRAVELNOW,8950
LCFJB,JetAirways,BANGLORE - (BLR),DELHI - (DEL),11-09-2020 02:05,11-09-2020 07:05,5,3,First Class,TRAVELNOW,7845
CS31C,JetAirways,BANGLORE - (BLR),COIMBATORE - (CBE),12-09-2020 10:05,12-09-2020 15:05,5,3,First Class,TRAVELNOW,7865
GD3VB,JetAirways,BANGLORE - (BLR),KOZHIKODE - (CCJ),08-09-2020 21:05,09-09-2020 01:06,4,2,ECONOMY,FLYMORE,4510
CP5VZ,JetAirways,BANGLORE - (BLR),CHENNAI - (MAA),09-09-2020 10:21,09-09-2020 14:21,4,2,ECONOMY,FLYMORE,4545
O9OM0,JetAirways,BANGLORE - (BLR),MUMBAI - (BOM),10-09-2020 09:10,10-09-2020 13:10,4,2,ECONOMY,FLYMORE,5656
UHY2I,JetAirways,BANGLORE - (BLR),DELHI - (DEL),11-09-2020 02:05,11-09-2020 06:05,4,2,ECONOMY,FLYMORE,3456
RSKKL,JetAirways,BANGLORE - (BLR),COIMBATORE - (CBE),12-09-2020 10:05,12-09-2020 14:05,4,2,ECONOMY,FLYMORE,5642
77WI0,JetAirways,BANGLORE - (BLR),KOZHIKODE - (CCJ),08-09-2020 21:05,09-09-2020 00:06,3,1,ECONOMY,TRAVELNOW,3210
SRXO0,JetAirways,BANGLORE - (BLR),CHENNAI - (MAA),09-09-2020 10:21,09-09-2020 13:21,3,1,ECONOMY,TRAVELNOW,2210
U7HXU,JetAirways,BANGLORE - (BLR),MUMBAI - (BOM),10-09-2020 09:10,10-09-2020 12:10,3,1,ECONOMY,TRAVELNOW,4230
PTWJE,JetAirways,BANGLORE - (BLR),DELHI - (DEL),11-09-2020 02:05,11-09-2020 05:05,3,1,ECONOMY,TRAVELNOW,3420
9Y6H1,JetAirways,BANGLORE - (BLR),COIMBATORE - (CBE),12-09-2020 10:05,12-09-2020 13:05,3,1,ECONOMY,TRAVELNOW,2230
DLM4D,JetAirways,BANGLORE - (BLR),KOZHIKODE - (CCJ),08-09-2020 21:05,08-09-2020 23:06,2,0,BUSINESS,FLYMORE,9000
NDAQU,JetAirways,BANGLORE - (BLR),CHENNAI - (MAA),09-09-2020 10:21,09-09-2020 12:21,2,0,BUSINESS,FLYMORE,8540
WOKH9,JetAirways,BANGLORE - (BLR),MUMBAI - (BOM),10-09-2020 09:10,10-09-2020 11:10,2,0,BUSINESS,TRAVELNOW,8950
NV42W,JetAirways,BANGLORE - (BLR),DELHI - (DEL),11-09-2020 02:05,11-09-2020 04:05,2,0,BUSINESS,TRAVELNOW,7845
ICBTZ,JetAirways,BANGLORE - (BLR),COIMBATORE - (CBE),12-09-2020 10:05,12-09-2020 12:05,2,0,BUSINESS,TRAVELNOW,7865
HUAJ2,GOAIR,BANGLORE - (BLR),KOZHIKODE - (CCJ),08-09-2020 21:05,09-09-2020 03:06,6,4,First Class,FLYMORE,5640
L5V07,GOAIR,BANGLORE - (BLR),CHENNAI - (MAA),09-09-2020 10:21,09-09-2020 16:21,6,4,First Class,FLYMORE,4542
63HZ2,GOAIR,BANGLORE - (BLR),MUMBAI - (BOM),10-09-2020 09:10,10-09-2020 15:10,6,4,First Class,FLYMORE,4650
EPJ7U,GOAIR,BANGLORE - (BLR),DELHI - (DEL),11-09-2020 02:05,11-09-2020 08:05,6,4,First Class,FLYMORE,5010
BXBX2,GOAIR,BANGLORE - (BLR),COIMBATORE - (CBE),12-09-2020 10:05,12-09-2020 16:05,6,4,First Class,FLYMORE,6540
V1P7G,GOAIR,BANGLORE - (BLR),KOZHIKODE - (CCJ),08-09-2020 21:05,09-09-2020 02:06,5,3,First Class,TRAVELNOW,4500
IOTUH,GOAIR,BANGLORE - (BLR),CHENNAI - (MAA),09-09-2020 10:21,09-09-2020 15:21,5,3,First Class,TRAVELNOW,8540
SMYCA,GOAIR,BANGLORE - (BLR),MUMBAI - (BOM),10-09-2020 09:10,10-09-2020 14:10,5,3,First Class,TRAVELNOW,8950
T0ZMM,GOAIR,BANGLORE - (BLR),DELHI - (DEL),11-09-2020 02:05,11-09-2020 07:05,5,3,First Class,TRAVELNOW,7845
Z4DDM,GOAIR,BANGLORE - (BLR),COIMBATORE - (CBE),12-09-2020 10:05,12-09-2020 15:05,5,3,First Class,TRAVELNOW,7865
QVCAZ,GOAIR,BANGLORE - (BLR),KOZHIKODE - (CCJ),08-09-2020 21:05,09-09-2020 01:06,4,2,ECONOMY,FLYMORE,4510
JPF0A,GOAIR,BANGLORE - (BLR),CHENNAI - (MAA),09-09-2020 10:21,09-09-2020 14:21,4,2,ECONOMY,FLYMORE,4545
0QYPI,GOAIR,BANGLORE - (BLR),MUMBAI - (BOM),10-09-2020 09:10,10-09-2020 13:10,4,2,ECONOMY,FLYMORE,5656
ON6AB,GOAIR,BANGLORE - (BLR),DELHI - (DEL),11-09-2020 02:05,11-09-2020 06:05,4,2,ECONOMY,FLYMORE,3456
1JESD,GOAIR,BANGLORE - (BLR),COIMBATORE - (CBE),12-09-2020 10:05,12-09-2020 14:05,4,2,ECONOMY,FLYMORE,5642
JNB60,GOAIR,BANGLORE - (BLR),KOZHIKODE - (CCJ),08-09-2020 21:05,09-09-2020 00:06,3,1,ECONOMY,TRAVELNOW,3210
S87Y2,GOAIR,BANGLORE - (BLR),CHENNAI - (MAA),09-09-2020 10:21,09-09-2020 13:21,3,1,ECONOMY,TRAVELNOW,2210
DWNJC,GOAIR,BANGLORE - (BLR),MUMBAI - (BOM),10-09-2020 09:10,10-09-2020 12:10,3,1,ECONOMY,TRAVELNOW,4230
NCMIE,GOAIR,BANGLORE - (BLR),DELHI - (DEL),11-09-2020 02:05,11-09-2020 05:05,3,1,ECONOMY,TRAVELNOW,3420
YANIT,GOAIR,BANGLORE - (BLR),COIMBATORE - (CBE),12-09-2020 10:05,12-09-2020 13:05,3,1,ECONOMY,TRAVELNOW,2230
VD4P1,GOAIR,BANGLORE - (BLR),KOZHIKODE - (CCJ),08-09-2020 21:05,08-09-2020 23:06,2,0,BUSINESS,FLYMORE,9000
EE0PJ,GOAIR,BANGLORE - (BLR),CHENNAI - (MAA),09-09-2020 10:21,09-09-2020 12:21,2,0,BUSINESS,FLYMORE,8540
CWT56,GOAIR,BANGLORE - (BLR),MUMBAI - (BOM),10-09-2020 09:10,10-09-2020 11:10,2,0,BUSINESS,TRAVELNOW,8950
NJOFC,GOAIR,BANGLORE - (BLR),DELHI - (DEL),11-09-2020 02:05,11-09-2020 04:05,2,0,BUSINESS,TRAVELNOW,7845
MH9RC,GOAIR,BANGLORE - (BLR),COIMBATORE - (CBE),12-09-2020 10:05,12-09-2020 12:05,2,0,BUSINESS,TRAVELNOW,7865
I60K4,Indigo,CHENNAI - (MAA),KOZHIKODE - (CCJ),08-09-2020 21:05,09-09-2020 03:06,6,4,First Class,FLYMORE,5640
J1P2Y,Indigo,CHENNAI - (MAA),BANGLORE - (BLR),09-09-2020 10:21,09-09-2020 16:21,6,4,First Class,FLYMORE,4542
FHEEW,Indigo,CHENNAI - (MAA),MUMBAI - (BOM),10-09-2020 09:10,10-09-2020 15:10,6,4,First Class,FLYMORE,4650
OEB7C,Indigo,CHENNAI - (MAA),DELHI - (DEL),11-09-2020 02:05,11-09-2020 08:05,6,4,First Class,FLYMORE,5010
Z1HFR,Indigo,CHENNAI - (MAA),COIMBATORE - (CBE),12-09-2020 10:05,12-09-2020 16:05,6,4,First Class,FLYMORE,6540
FZGDY,Indigo,CHENNAI - (MAA),KOZHIKODE - (CCJ),08-09-2020 21:05,09-09-2020 02:06,5,3,First Class,TRAVELNOW,4500
MZHQH,Indigo,CHENNAI - (MAA),BANGLORE - (BLR),09-09-2020 10:21,09-09-2020 15:21,5,3,First Class,TRAVELNOW,8540
6S91D,Indigo,CHENNAI - (MAA),MUMBAI - (BOM),10-09-2020 09:10,10-09-2020 14:10,5,3,First Class,TRAVELNOW,8950
B4HCD,Indigo,CHENNAI - (MAA),DELHI - (DEL),11-09-2020 02:05,11-09-2020 07:05,5,3,First Class,TRAVELNOW,7845
EIE4A,Indigo,CHENNAI - (MAA),COIMBATORE - (CBE),12-09-2020 10:05,12-09-2020 15:05,5,3,First Class,TRAVELNOW,7865
ZPW7X,Indigo,CHENNAI - (MAA),KOZHIKODE - (CCJ),08-09-2020 21:05,09-09-2020 01:06,4,2,ECONOMY,FLYMORE,4510
UIE9U,Indigo,CHENNAI - (MAA),BANGLORE - (BLR),09-09-2020 10:21,09-09-2020 14:21,4,2,ECONOMY,FLYMORE,4545
B5CAN,Indigo,CHENNAI - (MAA),MUMBAI - (BOM),10-09-2020 09:10,10-09-2020 13:10,4,2,ECONOMY,FLYMORE,5656
QEDC0,Indigo,CHENNAI - (MAA),DELHI - (DEL),11-09-2020 02:05,11-09-2020 06:05,4,2,ECONOMY,FLYMORE,3456
YL8EP,Indigo,CHENNAI - (MAA),COIMBATORE - (CBE),12-09-2020 10:05,12-09-2020 14:05,4,2,ECONOMY,FLYMORE,5642
2JSP4,Indigo,CHENNAI - (MAA),KOZHIKODE - (CCJ),08-09-2020 21:05,09-09-2020 00:06,3,1,ECONOMY,TRAVELNOW,3210
9YTGT,Indigo,CHENNAI - (MAA),BANGLORE - (BLR),09-09-2020 10:21,09-09-2020 13:21,3,1,ECONOMY,TRAVELNOW,2210
9HAA8,Indigo,CHENNAI - (MAA),MUMBAI - (BOM),10-09-2020 09:10,10-09-2020 12:10,3,1,ECONOMY,TRAVELNOW,4230
DQFIO,Indigo,CHENNAI - (MAA),DELHI - (DEL),11-09-2020 02:05,11-09-2020 05:05,3,1,ECONOMY,TRAVELNOW,3420
XYO85,Indigo,CHENNAI - (MAA),COIMBATORE - (CBE),12-09-2020 10:05,12-09-2020 13:05,3,1,ECONOMY,TRAVELNOW,2230
1SAXY,Indigo,CHENNAI - (MAA),KOZHIKODE - (CCJ),08-09-2020 21:05,08-09-2020 23:06,2,0,BUSINESS,FLYMORE,9000
Y2NWH,Indigo,CHENNAI - (MAA),BANGLORE - (BLR),09-09-2020 10:21,09-09-2020 12:21,2,0,BUSINESS,FLYMORE,8540
ZMK6L,Indigo,CHENNAI - (MAA),MUMBAI - (BOM),10-09-2020 09:10,10-09-2020 11:10,2,0,BUSINESS,TRAVELNOW,8950
64N12,Indigo,CHENNAI - (MAA),DELHI - (DEL),11-09-2020 02:05,11-09-2020 04:05,2,0,BUSINESS,TRAVELNOW,7845
LKVU2,Indigo,CHENNAI - (MAA),COIMBATORE - (CBE),12-09-2020 10:05,12-09-2020 12:05,2,0,BUSINESS,TRAVELNOW,7865
HT4RY,AirAsia,CHENNAI - (MAA),KOZHIKODE - (CCJ),08-09-2020 21:05,09-09-2020 03:06,6,4,First Class,FLYMORE,5640
5NEJK,AirAsia,CHENNAI - (MAA),BANGLORE - (BLR),09-09-2020 10:21,09-09-2020 16:21,6,4,First Class,FLYMORE,4542
D4DCC,AirAsia,CHENNAI - (MAA),MUMBAI - (BOM),10-09-2020 09:10,10-09-2020 15:10,6,4,First Class,FLYMORE,4650
WRU5O,AirAsia,CHENNAI - (MAA),DELHI - (DEL),11-09-2020 02:05,11-09-2020 08:05,6,4,First Class,FLYMORE,5010
4YXAW,AirAsia,CHENNAI - (MAA),COIMBATORE - (CBE),12-09-2020 10:05,12-09-2020 16:05,6,4,First Class,FLYMORE,6540
V28X0,AirAsia,CHENNAI - (MAA),BANGLORE - (BLR),09-09-2020 10:21,09-09-2020 15:21,5,3,First Class,TRAVELNOW,8540
4F00U,AirAsia,CHENNAI - (MAA),MUMBAI - (BOM),10-09-2020 09:10,10-09-2020 14:10,5,3,First Class,TRAVELNOW,8950
7NU07,AirAsia,CHENNAI - (MAA),DELHI - (DEL),11-09-2020 02:05,11-09-2020 07:05,5,3,First Class,TRAVELNOW,7845
H8WGP,AirAsia,CHENNAI - (MAA),COIMBATORE - (CBE),12-09-2020 10:05,12-09-2020 15:05,5,3,First Class,TRAVELNOW,7865
WZGEF,AirAsia,CHENNAI - (MAA),KOZHIKODE - (CCJ),08-09-2020 21:05,09-09-2020 01:06,4,2,ECONOMY,FLYMORE,4510
H974Y,AirAsia,CHENNAI - (MAA),MUMBAI - (BOM),10-09-2020 09:10,10-09-2020 13:10,4,2,ECONOMY,FLYMORE,5656
KTLUJ,AirAsia,CHENNAI - (MAA),DELHI - (DEL),11-09-2020 02:05,11-09-2020 06:05,4,2,ECONOMY,FLYMORE,3456
L5RUE,AirAsia,CHENNAI - (MAA),COIMBATORE - (CBE),12-09-2020 10:05,12-09-2020 14:05,4,2,ECONOMY,FLYMORE,5642
IXPOC,AirAsia,CHENNAI - (MAA),KOZHIKODE - (CCJ),08-09-2020 21:05,09-09-2020 00:06,3,1,ECONOMY,TRAVELNOW,3210
WYMHT,AirAsia,CHENNAI - (MAA),BANGLORE - (BLR),09-09-2020 10:21,09-09-2020 13:21,3,1,ECONOMY,TRAVELNOW,2210
7J9GO,AirAsia,CHENNAI - (MAA),DELHI - (DEL),11-09-2020 02:05,11-09-2020 05:05,3,1,ECONOMY,TRAVELNOW,3420
ATCOB,AirAsia,CHENNAI - (MAA),COIMBATORE - (CBE),12-09-2020 10:05,12-09-2020 13:05,3,1,ECONOMY,TRAVELNOW,2230
C402F,AirAsia,CHENNAI - (MAA),KOZHIKODE - (CCJ),08-09-2020 21:05,08-09-2020 23:06,2,0,BUSINESS,FLYMORE,9000
EYW8C,AirAsia,CHENNAI - (MAA),BANGLORE - (BLR),09-09-2020 10:21,09-09-2020 12:21,2,0,BUSINESS,FLYMORE,8540
IYCYQ,AirAsia,CHENNAI - (MAA),MUMBAI - (BOM),10-09-2020 09:10,10-09-2020 11:10,2,0,BUSINESS,TRAVELNOW,8950
QNIJ6,AirAsia,CHENNAI - (MAA),COIMBATORE - (CBE),12-09-2020 10:05,12-09-2020 12:05,2,0,BUSINESS,TRAVELNOW,7865
EDDTL,AirIndia,CHENNAI - (MAA),KOZHIKODE - (CCJ),08-09-2020 21:05,09-09-2020 03:06,6,4,First Class,FLYMORE,5640
ZYUA5,AirIndia,CHENNAI - (MAA),BANGLORE - (BLR),09-09-2020 10:21,09-09-2020 16:21,6,4,First Class,FLYMORE,4542
P0EL4,AirIndia,CHENNAI - (MAA),MUMBAI - (BOM),10-09-2020 09:10,10-09-2020 15:10,6,4,First Class,FLYMORE,4650
P70FF,AirIndia,CHENNAI - (MAA),DELHI - (DEL),11-09-2020 02:05,11-09-2020 08:05,6,4,First Class,FLYMORE,5010
2EPA0,AirIndia,CHENNAI - (MAA),KOZHIKODE - (CCJ),08-09-2020 21:05,09-09-2020 02:06,5,3,First Class,TRAVELNOW,4500
555GR,AirIndia,CHENNAI - (MAA),BANGLORE - (BLR),09-09-2020 10:21,09-09-2020 15:21,5,3,First Class,TRAVELNOW,8540
2S7RC,AirIndia,CHENNAI - (MAA),MUMBAI - (BOM),10-09-2020 09:10,10-09-2020 14:10,5,3,First Class,TRAVELNOW,8950
8ZJMS,AirIndia,CHENNAI - (MAA),DELHI - (DEL),11-09-2020 02:05,11-09-2020 07:05,5,3,First Class,TRAVELNOW,7845
4TM20,AirIndia,CHENNAI - (MAA),COIMBATORE - (CBE),12-09-2020 10:05,12-09-2020 15:05,5,3,First Class,TRAVELNOW,7865
SEGW5,AirIndia,CHENNAI - (MAA),BANGLORE - (BLR),09-09-2020 10:21,09-09-2020 14:21,4,2,ECONOMY,FLYMORE,4545
Y46BR,AirIndia,CHENNAI - (MAA),MUMBAI - (BOM),10-09-2020 09:10,10-09-2020 13:10,4,2,ECONOMY,FLYMORE,5656
CE73S,AirIndia,CHENNAI - (MAA),DELHI - (DEL),11-09-2020 02:05,11-09-2020 06:05,4,2,ECONOMY,FLYMORE,3456
DAOXT,AirIndia,CHENNAI - (MAA),COIMBATORE - (CBE),12-09-2020 10:05,12-09-2020 14:05,4,2,ECONOMY,FLYMORE,5642
1QS77,AirIndia,CHENNAI - (MAA),KOZHIKODE - (CCJ),08-09-2020 21:05,09-09-2020 00:06,3,1,ECONOMY,TRAVELNOW,3210
2EC9F,AirIndia,CHENNAI - (MAA),MUMBAI - (BOM),10-09-2020 09:10,10-09-2020 12:10,3,1,ECONOMY,TRAVELNOW,4230
KBKH0,AirIndia,CHENNAI - (MAA),DELHI - (DEL),11-09-2020 02:05,11-09-2020 05:05,3,1,ECONOMY,TRAVELNOW,3420
KPG79,AirIndia,CHENNAI - (MAA),COIMBATORE - (CBE),12-09-2020 10:05,12-09-2020 13:05,3,1,ECONOMY,TRAVELNOW,2230
T6DDJ,AirIndia,CHENNAI - (MAA),KOZHIKODE - (CCJ),08-09-2020 21:05,08-09-2020 23:06,2,0,BUSINESS,FLYMORE,9000
GV31X,AirIndia,CHENNAI - (MAA),BANGLORE - (BLR),09-09-2020 10:21,09-09-2020 12:21,2,0,BUSINESS,FLYMORE,8540
PHK6K,AirIndia,CHENNAI - (MAA),MUMBAI - (BOM),10-09-2020 09:10,10-09-2020 11:10,2,0,BUSINESS,TRAVELNOW,8950
G0IFB,AirIndia,CHENNAI - (MAA),DELHI - (DEL),11-09-2020 02:05,11-09-2020 04:05,2,0,BUSINESS,TRAVELNOW,7845
1TG2K,AirIndia,CHENNAI - (MAA),COIMBATORE - (CBE),12-09-2020 10:05,12-09-2020 12:05,2,0,BUSINESS,TRAVELNOW,7865
5FG5Y,SpiceJet,CHENNAI - (MAA),KOZHIKODE - (CCJ),08-09-2020 21:05,09-09-2020 03:06,6,4,First Class,FLYMORE,5640
5QZ7H,SpiceJet,CHENNAI - (MAA),BANGLORE - (BLR),09-09-2020 10:21,09-09-2020 16:21,6,4,First Class,FLYMORE,4542
08OF4,SpiceJet,CHENNAI - (MAA),MUMBAI - (BOM),10-09-2020 09:10,10-09-2020 15:10,6,4,First Class,FLYMORE,4650
W01EP,SpiceJet,CHENNAI - (MAA),DELHI - (DEL),11-09-2020 02:05,11-09-2020 08:05,6,4,First Class,FLYMORE,5010
IOTBK,SpiceJet,CHENNAI - (MAA),COIMBATORE - (CBE),12-09-2020 10:05,12-09-2020 16:05,6,4,First Class,FLYMORE,6540
X86L9,SpiceJet,CHENNAI - (MAA),KOZHIKODE - (CCJ),08-09-2020 21:05,09-09-2020 02:06,5,3,First Class,TRAVELNOW,4500
2JL2G,SpiceJet,CHENNAI - (MAA),BANGLORE - (BLR),09-09-2020 10:21,09-09-2020 15:21,5,3,First Class,TRAVELNOW,8540
THFLP,SpiceJet,CHENNAI - (MAA),MUMBAI - (BOM),10-09-2020 09:10,10-09-2020 14:10,5,3,First Class,TRAVELNOW,8950
UCWYA,SpiceJet,CHENNAI - (MAA),DELHI - (DEL),11-09-2020 02:05,11-09-2020 07:05,5,3,First Class,TRAVELNOW,7845
XNFE3,SpiceJet,CHENNAI - (MAA),COIMBATORE - (CBE),12-09-2020 10:05,12-09-2020 15:05,5,3,First Class,TRAVELNOW,7865
QB3YV,SpiceJet,CHENNAI - (MAA),KOZHIKODE - (CCJ),08-09-2020 21:05,09-09-2020 01:06,4,2,ECONOMY,FLYMORE,4510
KYFN5,SpiceJet,CHENNAI - (MAA),BANGLORE - (BLR),09-09-2020 10:21,09-09-2020 14:21,4,2,ECONOMY,FLYMORE,4545
UL08W,SpiceJet,CHENNAI - (MAA),MUMBAI - (BOM),10-09-2020 09:10,10-09-2020 13:10,4,2,ECONOMY,FLYMORE,5656
1WRK3,SpiceJet,CHENNAI - (MAA),DELHI - (DEL),11-09-2020 02:05,11-09-2020 06:05,4,2,ECONOMY,FLYMORE,3456
5RFRG,SpiceJet,CHENNAI - (MAA),COIMBATORE - (CBE),12-09-2020 10:05,12-09-2020 14:05,4,2,ECONOMY,FLYMORE,5642
4ZKPA,SpiceJet,CHENNAI - (MAA),KOZHIKODE - (CCJ),08-09-2020 21:05,09-09-2020 00:06,3,1,ECONOMY,TRAVELNOW,3210
D68TW,SpiceJet,CHENNAI - (MAA),BANGLORE - (BLR),09-09-2020 10:21,09-09-2020 13:21,3,1,ECONOMY,TRAVELNOW,2210
ZJIOQ,SpiceJet,CHENNAI - (MAA),MUMBAI - (BOM),10-09-2020 09:10,10-09-2020 12:10,3,1,ECONOMY,TRAVELNOW,4230
G4248,SpiceJet,CHENNAI - (MAA),DELHI - (DEL),11-09-2020 02:05,11-09-2020 05:05,3,1,ECONOMY,TRAVELNOW,3420
GHWZ5,SpiceJet,CHENNAI - (MAA),COIMBATORE - (CBE),12-09-2020 10:05,12-09-2020 13:05,3,1,ECONOMY,TRAVELNOW,2230
UVDL9,SpiceJet,CHENNAI - (MAA),KOZHIKODE - (CCJ),08-09-2020 21:05,08-09-2020 23:06,2,0,BUSINESS,FLYMORE,9000
5TCVA,SpiceJet,CHENNAI - (MAA),BANGLORE - (BLR),09-09-2020 10:21,09-09-2020 12:21,2,0,BUSINESS,FLYMORE,8540
3KIC6,SpiceJet,CHENNAI - (MAA),MUMBAI - (BOM),10-09-2020 09:10,10-09-2020 11:10,2,0,BUSINESS,TRAVELNOW,8950
URRH3,SpiceJet,CHENNAI - (MAA),DELHI - (DEL),11-09-2020 02:05,11-09-2020 04:05,2,0,BUSINESS,TRAVELNOW,7845
J8WAS,SpiceJet,CHENNAI - (MAA),COIMBATORE - (CBE),12-09-2020 10:05,12-09-2020 12:05,2,0,BUSINESS,TRAVELNOW,7865
TOFQ5,JetAirways,CHENNAI - (MAA),KOZHIKODE - (CCJ),08-09-2020 21:05,09-09-2020 03:06,6,4,First Class,FLYMORE,5640
DD7RU,JetAirways,CHENNAI - (MAA),BANGLORE - (BLR),09-09-2020 10:21,09-09-2020 16:21,6,4,First Class,FLYMORE,4542
VZ2PI,JetAirways,CHENNAI - (MAA),MUMBAI - (BOM),10-09-2020 09:10,10-09-2020 15:10,6,4,First Class,FLYMORE,4650
C1VC6,JetAirways,CHENNAI - (MAA),DELHI - (DEL),11-09-2020 02:05,11-09-2020 08:05,6,4,First Class,FLYMORE,5010
V93N9,JetAirways,CHENNAI - (MAA),COIMBATORE - (CBE),12-09-2020 10:05,12-09-2020 16:05,6,4,First Class,FLYMORE,6540
N4D3Z,JetAirways,CHENNAI - (MAA),KOZHIKODE - (CCJ),08-09-2020 21:05,09-09-2020 02:06,5,3,First Class,TRAVELNOW,4500
EBPHJ,JetAirways,CHENNAI - (MAA),BANGLORE - (BLR),09-09-2020 10:21,09-09-2020 15:21,5,3,First Class,TRAVELNOW,8540
BGC7V,JetAirways,CHENNAI - (MAA),MUMBAI - (BOM),10-09-2020 09:10,10-09-2020 14:10,5,3,First Class,TRAVELNOW,8950
TH5C0,JetAirways,CHENNAI - (MAA),DELHI - (DEL),11-09-2020 02:05,11-09-2020 07:05,5,3,First Class,TRAVELNOW,7845
MORD3,JetAirways,CHENNAI - (MAA),COIMBATORE - (CBE),12-09-2020 10:05,12-09-2020 15:05,5,3,First Class,TRAVELNOW,7865
RTJWB,JetAirways,CHENNAI - (MAA),KOZHIKODE - (CCJ),08-09-2020 21:05,09-09-2020 01:06,4,2,ECONOMY,FLYMORE,4510
AY617,JetAirways,CHENNAI - (MAA),BANGLORE - (BLR),09-09-2020 10:21,09-09-2020 14:21,4,2,ECONOMY,FLYMORE,4545
R9NV8,JetAirways,CHENNAI - (MAA),MUMBAI - (BOM),10-09-2020 09:10,10-09-2020 13:10,4,2,ECONOMY,FLYMORE,5656
HSZJ2,JetAirways,CHENNAI - (MAA),DELHI - (DEL),11-09-2020 02:05,11-09-2020 06:05,4,2,ECONOMY,FLYMORE,3456
XRK98,JetAirways,CHENNAI - (MAA),COIMBATORE - (CBE),12-09-2020 10:05,12-09-2020 14:05,4,2,ECONOMY,FLYMORE,5642
7DE16,JetAirways,CHENNAI - (MAA),KOZHIKODE - (CCJ),08-09-2020 21:05,09-09-2020 00:06,3,1,ECONOMY,TRAVELNOW,3210
X7LU2,JetAirways,CHENNAI - (MAA),BANGLORE - (BLR),09-09-2020 10:21,09-09-2020 13:21,3,1,ECONOMY,TRAVELNOW,2210
QWBZR,JetAirways,CHENNAI - (MAA),MUMBAI - (BOM),10-09-2020 09:10,10-09-2020 12:10,3,1,ECONOMY,TRAVELNOW,4230
UBY13,JetAirways,CHENNAI - (MAA),DELHI - (DEL),11-09-2020 02:05,11-09-2020 05:05,3,1,ECONOMY,TRAVELNOW,3420
2935J,JetAirways,CHENNAI - (MAA),COIMBATORE - (CBE),12-09-2020 10:05,12-09-2020 13:05,3,1,ECONOMY,TRAVELNOW,2230
ZASWI,JetAirways,CHENNAI - (MAA),KOZHIKODE - (CCJ),08-09-2020 21:05,08-09-2020 23:06,2,0,BUSINESS,FLYMORE,9000
DM12G,JetAirways,CHENNAI - (MAA),BANGLORE - (BLR),09-09-2020 10:21,09-09-2020 12:21,2,0,BUSINESS,FLYMORE,8540
9ZGBN,JetAirways,CHENNAI - (MAA),MUMBAI - (BOM),10-09-2020 09:10,10-09-2020 11:10,2,0,BUSINESS,TRAVELNOW,8950
66BWI,JetAirways,CHENNAI - (MAA),DELHI - (DEL),11-09-2020 02:05,11-09-2020 04:05,2,0,BUSINESS,TRAVELNOW,7845
6YT5C,JetAirways,CHENNAI - (MAA),COIMBATORE - (CBE),12-09-2020 10:05,12-09-2020 12:05,2,0,BUSINESS,TRAVELNOW,7865
LFGRX,GOAIR,CHENNAI - (MAA),KOZHIKODE - (CCJ),08-09-2020 21:05,09-09-2020 03:06,6,4,First Class,FLYMORE,5640
9FYF9,GOAIR,CHENNAI - (MAA),BANGLORE - (BLR),09-09-2020 10:21,09-09-2020 16:21,6,4,First Class,FLYMORE,4542
1ACRG,GOAIR,CHENNAI - (MAA),MUMBAI - (BOM),10-09-2020 09:10,10-09-2020 15:10,6,4,First Class,FLYMORE,4650
1YEQG,GOAIR,CHENNAI - (MAA),DELHI - (DEL),11-09-2020 02:05,11-09-2020 08:05,6,4,First Class,FLYMORE,5010
KLYJQ,GOAIR,CHENNAI - (MAA),COIMBATORE - (CBE),12-09-2020 10:05,12-09-2020 16:05,6,4,First Class,FLYMORE,6540
CJBNO,GOAIR,CHENNAI - (MAA),KOZHIKODE - (CCJ),08-09-2020 21:05,09-09-2020 02:06,5,3,First Class,TRAVELNOW,4500
DEVZG,GOAIR,CHENNAI - (MAA),BANGLORE - (BLR),09-09-2020 10:21,09-09-2020 15:21,5,3,First Class,TRAVELNOW,8540
OFR5M,GOAIR,CHENNAI - (MAA),MUMBAI - (BOM),10-09-2020 09:10,10-09-2020 14:10,5,3,First Class,TRAVELNOW,8950
L4N4N,GOAIR,CHENNAI - (MAA),DELHI - (DEL),11-09-2020 02:05,11-09-2020 07:05,5,3,First Class,TRAVELNOW,7845
ZBFX3,GOAIR,CHENNAI - (MAA),COIMBATORE - (CBE),12-09-2020 10:05,12-09-2020 15:05,5,3,First Class,TRAVELNOW,7865
240PD,GOAIR,CHENNAI - (MAA),KOZHIKODE - (CCJ),08-09-2020 21:05,09-09-2020 01:06,4,2,ECONOMY,FLYMORE,4510
H7O6J,GOAIR,CHENNAI - (MAA),BANGLORE - (BLR),09-09-2020 10:21,09-09-2020 14:21,4,2,ECONOMY,FLYMORE,4545
8B33S,GOAIR,CHENNAI - (MAA),MUMBAI - (BOM),10-09-2020 09:10,10-09-2020 13:10,4,2,ECONOMY,FLYMORE,5656
NT6BS,GOAIR,CHENNAI - (MAA),DELHI - (DEL),11-09-2020 02:05,11-09-2020 06:05,4,2,ECONOMY,FLYMORE,3456
O3HB1,GOAIR,CHENNAI - (MAA),COIMBATORE - (CBE),12-09-2020 10:05,12-09-2020 14:05,4,2,ECONOMY,FLYMORE,5642
QHSBN,GOAIR,CHENNAI - (MAA),KOZHIKODE - (CCJ),08-09-2020 21:05,09-09-2020 00:06,3,1,ECONOMY,TRAVELNOW,3210
M0TYR,GOAIR,CHENNAI - (MAA),BANGLORE - (BLR),09-09-2020 10:21,09-09-2020 13:21,3,1,ECONOMY,TRAVELNOW,2210
5NG4L,GOAIR,CHENNAI - (MAA),MUMBAI - (BOM),10-09-2020 09:10,10-09-2020 12:10,3,1,ECONOMY,TRAVELNOW,4230
HA6CO,GOAIR,CHENNAI - (MAA),DELHI - (DEL),11-09-2020 02:05,11-09-2020 05:05,3,1,ECONOMY,TRAVELNOW,3420
9V1BO,GOAIR,CHENNAI - (MAA),COIMBATORE - (CBE),12-09-2020 10:05,12-09-2020 13:05,3,1,ECONOMY,TRAVELNOW,2230
0RTIB,GOAIR,CHENNAI - (MAA),KOZHIKODE - (CCJ),08-09-2020 21:05,08-09-2020 23:06,2,0,BUSINESS,FLYMORE,9000
TIHG5,GOAIR,CHENNAI - (MAA),BANGLORE - (BLR),09-09-2020 10:21,09-09-2020 12:21,2,0,BUSINESS,FLYMORE,8540
LSGPC,GOAIR,CHENNAI - (MAA),MUMBAI - (BOM),10-09-2020 09:10,10-09-2020 11:10,2,0,BUSINESS,TRAVELNOW,8950
W13NR,GOAIR,CHENNAI - (MAA),DELHI - (DEL),11-09-2020 02:05,11-09-2020 04:05,2,0,BUSINESS,TRAVELNOW,7845
9S218,GOAIR,CHENNAI - (MAA),COIMBATORE - (CBE),12-09-2020 10:05,12-09-2020 12:05,2,0,BUSINESS,TRAVELNOW,7865
CH1HZ,Indigo,COIMBATORE - (CBE),KOZHIKODE - (CCJ),08-09-2020 21:05,09-09-2020 03:06,6,4,First Class,FLYMORE,5640
86CZN,Indigo,COIMBATORE - (CBE),BANGLORE - (BLR),09-09-2020 10:21,09-09-2020 16:21,6,4,First Class,FLYMORE,4542
Y3CZL,Indigo,COIMBATORE - (CBE),MUMBAI - (BOM),10-09-2020 09:10,10-09-2020 15:10,6,4,First Class,FLYMORE,4650
FIHP1,Indigo,COIMBATORE - (CBE),DELHI - (DEL),11-09-2020 02:05,11-09-2020 08:05,6,4,First Class,FLYMORE,5010
QU9HM,Indigo,COIMBATORE - (CBE),CHENNAI - (MAA),12-09-2020 10:05,12-09-2020 16:05,6,4,First Class,FLYMORE,6540
EKI3R,Indigo,COIMBATORE - (CBE),KOZHIKODE - (CCJ),08-09-2020 21:05,09-09-2020 02:06,5,3,First Class,TRAVELNOW,4500
C0ZYG,Indigo,COIMBATORE - (CBE),BANGLORE - (BLR),09-09-2020 10:21,09-09-2020 15:21,5,3,First Class,TRAVELNOW,8540
7D5QG,Indigo,COIMBATORE - (CBE),MUMBAI - (BOM),10-09-2020 09:10,10-09-2020 14:10,5,3,First Class,TRAVELNOW,8950
A84EI,Indigo,COIMBATORE - (CBE),DELHI - (DEL),11-09-2020 02:05,11-09-2020 07:05,5,3,First Class,TRAVELNOW,7845
VUVVO,Indigo,COIMBATORE - (CBE),CHENNAI - (MAA),12-09-2020 10:05,12-09-2020 15:05,5,3,First Class,TRAVELNOW,7865
XO3LR,Indigo,COIMBATORE - (CBE),KOZHIKODE - (CCJ),08-09-2020 21:05,09-09-2020 01:06,4,2,ECONOMY,FLYMORE,4510
MEJSW,Indigo,COIMBATORE - (CBE),BANGLORE - (BLR),09-09-2020 10:21,09-09-2020 14:21,4,2,ECONOMY,FLYMORE,4545
IA7YE,Indigo,COIMBATORE - (CBE),MUMBAI - (BOM),10-09-2020 09:10,10-09-2020 13:10,4,2,ECONOMY,FLYMORE,5656
YWKUS,Indigo,COIMBATORE - (CBE),DELHI - (DEL),11-09-2020 02:05,11-09-2020 06:05,4,2,ECONOMY,FLYMORE,3456
Y0LJA,Indigo,COIMBATORE - (CBE),CHENNAI - (MAA),12-09-2020 10:05,12-09-2020 14:05,4,2,ECONOMY,FLYMORE,5642
ZJEXN,Indigo,COIMBATORE - (CBE),KOZHIKODE - (CCJ),08-09-2020 21:05,09-09-2020 00:06,3,1,ECONOMY,TRAVELNOW,3210
INJ6P,Indigo,COIMBATORE - (CBE),BANGLORE - (BLR),09-09-2020 10:21,09-09-2020 13:21,3,1,ECONOMY,TRAVELNOW,2210
18ZXI,Indigo,COIMBATORE - (CBE),MUMBAI - (BOM),10-09-2020 09:10,10-09-2020 12:10,3,1,ECONOMY,TRAVELNOW,4230
KBGDZ,Indigo,COIMBATORE - (CBE),DELHI - (DEL),11-09-2020 02:05,11-09-2020 05:05,3,1,ECONOMY,TRAVELNOW,3420
NBRNA,Indigo,COIMBATORE - (CBE),CHENNAI - (MAA),12-09-2020 10:05,12-09-2020 13:05,3,1,ECONOMY,TRAVELNOW,2230
T1BHG,Indigo,COIMBATORE - (CBE),KOZHIKODE - (CCJ),08-09-2020 21:05,08-09-2020 23:06,2,0,BUSINESS,FLYMORE,9000
9ZXYP,Indigo,COIMBATORE - (CBE),BANGLORE - (BLR),09-09-2020 10:21,09-09-2020 12:21,2,0,BUSINESS,FLYMORE,8540
3MLAV,Indigo,COIMBATORE - (CBE),MUMBAI - (BOM),10-09-2020 09:10,10-09-2020 11:10,2,0,BUSINESS,TRAVELNOW,8950
A4EU6,Indigo,COIMBATORE - (CBE),DELHI - (DEL),11-09-2020 02:05,11-09-2020 04:05,2,0,BUSINESS,TRAVELNOW,7845
8M777,Indigo,COIMBATORE - (CBE),CHENNAI - (MAA),12-09-2020 10:05,12-09-2020 12:05,2,0,BUSINESS,TRAVELNOW,7865
CTQDR,AirAsia,COIMBATORE - (CBE),KOZHIKODE - (CCJ),08-09-2020 21:05,09-09-2020 03:06,6,4,First Class,FLYMORE,5640
JMIJT,AirAsia,COIMBATORE - (CBE),BANGLORE - (BLR),09-09-2020 10:21,09-09-2020 16:21,6,4,First Class,FLYMORE,4542
8VFPV,AirAsia,COIMBATORE - (CBE),MUMBAI - (BOM),10-09-2020 09:10,10-09-2020 15:10,6,4,First Class,FLYMORE,4650
TSC9A,AirAsia,COIMBATORE - (CBE),DELHI - (DEL),11-09-2020 02:05,11-09-2020 08:05,6,4,First Class,FLYMORE,5010
SBDDV,AirAsia,COIMBATORE - (CBE),CHENNAI - (MAA),12-09-2020 10:05,12-09-2020 16:05,6,4,First Class,FLYMORE,6540
M38FA,AirAsia,COIMBATORE - (CBE),KOZHIKODE - (CCJ),08-09-2020 21:05,09-09-2020 02:06,5,3,First Class,TRAVELNOW,4500
9Y91B,AirAsia,COIMBATORE - (CBE),BANGLORE - (BLR),09-09-2020 10:21,09-09-2020 15:21,5,3,First Class,TRAVELNOW,8540
1JP9M,AirAsia,COIMBATORE - (CBE),MUMBAI - (BOM),10-09-2020 09:10,10-09-2020 14:10,5,3,First Class,TRAVELNOW,8950
W4Q0T,AirAsia,COIMBATORE - (CBE),DELHI - (DEL),11-09-2020 02:05,11-09-2020 07:05,5,3,First Class,TRAVELNOW,7845
XDH4R,AirAsia,COIMBATORE - (CBE),CHENNAI - (MAA),12-09-2020 10:05,12-09-2020 15:05,5,3,First Class,TRAVELNOW,7865
0EKSF,AirAsia,COIMBATORE - (CBE),KOZHIKODE - (CCJ),08-09-2020 21:05,09-09-2020 01:06,4,2,ECONOMY,FLYMORE,4510
8388N,AirAsia,COIMBATORE - (CBE),BANGLORE - (BLR),09-09-2020 10:21,09-09-2020 14:21,4,2,ECONOMY,FLYMORE,4545
OLY68,AirAsia,COIMBATORE - (CBE),MUMBAI - (BOM),10-09-2020 09:10,10-09-2020 13:10,4,2,ECONOMY,FLYMORE,5656
MRTM7,AirAsia,COIMBATORE - (CBE),DELHI - (DEL),11-09-2020 02:05,11-09-2020 06:05,4,2,ECONOMY,FLYMORE,3456
8R399,AirAsia,COIMBATORE - (CBE),CHENNAI - (MAA),12-09-2020 10:05,12-09-2020 14:05,4,2,ECONOMY,FLYMORE,5642
N4R40,AirAsia,COIMBATORE - (CBE),KOZHIKODE - (CCJ),08-09-2020 21:05,09-09-2020 00:06,3,1,ECONOMY,TRAVELNOW,3210
8KSCV,AirAsia,COIMBATORE - (CBE),BANGLORE - (BLR),09-09-2020 10:21,09-09-2020 13:21,3,1,ECONOMY,TRAVELNOW,2210
H89EE,AirAsia,COIMBATORE - (CBE),MUMBAI - (BOM),10-09-2020 09:10,10-09-2020 12:10,3,1,ECONOMY,TRAVELNOW,4230
BE0YL,AirAsia,COIMBATORE - (CBE),DELHI - (DEL),11-09-2020 02:05,11-09-2020 05:05,3,1,ECONOMY,TRAVELNOW,3420
7TTG3,AirAsia,COIMBATORE - (CBE),CHENNAI - (MAA),12-09-2020 10:05,12-09-2020 13:05,3,1,ECONOMY,TRAVELNOW,2230
I7VF7,AirAsia,COIMBATORE - (CBE),KOZHIKODE - (CCJ),08-09-2020 21:05,08-09-2020 23:06,2,0,BUSINESS,FLYMORE,9000
XJ8YR,AirAsia,COIMBATORE - (CBE),BANGLORE - (BLR),09-09-2020 10:21,09-09-2020 12:21,2,0,BUSINESS,FLYMORE,8540
M80OQ,AirAsia,COIMBATORE - (CBE),MUMBAI - (BOM),10-09-2020 09:10,10-09-2020 11:10,2,0,BUSINESS,TRAVELNOW,8950
EOS1V,AirAsia,COIMBATORE - (CBE),DELHI - (DEL),11-09-2020 02:05,11-09-2020 04:05,2,0,BUSINESS,TRAVELNOW,7845
17KHD,AirAsia,COIMBATORE - (CBE),CHENNAI - (MAA),12-09-2020 10:05,12-09-2020 12:05,2,0,BUSINESS,TRAVELNOW,7865
NUHDO,AirIndia,COIMBATORE - (CBE),KOZHIKODE - (CCJ),08-09-2020 21:05,09-09-2020 03:06,6,4,First Class,FLYMORE,5640
2I6K1,AirIndia,COIMBATORE - (CBE),BANGLORE - (BLR),09-09-2020 10:21,09-09-2020 16:21,6,4,First Class,FLYMORE,4542
T1L6Y,AirIndia,COIMBATORE - (CBE),MUMBAI - (BOM),10-09-2020 09:10,10-09-2020 15:10,6,4,First Class,FLYMORE,4650
5YI65,AirIndia,COIMBATORE - (CBE),DELHI - (DEL),11-09-2020 02:05,11-09-2020 08:05,6,4,First Class,FLYMORE,5010
9O2KQ,AirIndia,COIMBATORE - (CBE),CHENNAI - (MAA),12-09-2020 10:05,12-09-2020 16:05,6,4,First Class,FLYMORE,6540
BJJKM,AirIndia,COIMBATORE - (CBE),KOZHIKODE - (CCJ),08-09-2020 21:05,09-09-2020 02:06,5,3,First Class,TRAVELNOW,4500
M2W6K,AirIndia,COIMBATORE - (CBE),BANGLORE - (BLR),09-09-2020 10:21,09-09-2020 15:21,5,3,First Class,TRAVELNOW,8540
6JQQL,AirIndia,COIMBATORE - (CBE),MUMBAI - (BOM),10-09-2020 09:10,10-09-2020 14:10,5,3,First Class,TRAVELNOW,8950
BCGOD,AirIndia,COIMBATORE - (CBE),DELHI - (DEL),11-09-2020 02:05,11-09-2020 07:05,5,3,First Class,TRAVELNOW,7845
XOI4H,AirIndia,COIMBATORE - (CBE),CHENNAI - (MAA),12-09-2020 10:05,12-09-2020 15:05,5,3,First Class,TRAVELNOW,7865
SPT23,AirIndia,COIMBATORE - (CBE),KOZHIKODE - (CCJ),08-09-2020 21:05,09-09-2020 01:06,4,2,ECONOMY,FLYMORE,4510
9VOW2,AirIndia,COIMBATORE - (CBE),BANGLORE - (BLR),09-09-2020 10:21,09-09-2020 14:21,4,2,ECONOMY,FLYMORE,4545
9TRL6,AirIndia,COIMBATORE - (CBE),MUMBAI - (BOM),10-09-2020 09:10,10-09-2020 13:10,4,2,ECONOMY,FLYMORE,5656
5RVGX,AirIndia,COIMBATORE - (CBE),DELHI - (DEL),11-09-2020 02:05,11-09-2020 06:05,4,2,ECONOMY,FLYMORE,3456
WUEAX,AirIndia,COIMBATORE - (CBE),CHENNAI - (MAA),12-09-2020 10:05,12-09-2020 14:05,4,2,ECONOMY,FLYMORE,5642
1ULCF,AirIndia,COIMBATORE - (CBE),KOZHIKODE - (CCJ),08-09-2020 21:05,09-09-2020 00:06,3,1,ECONOMY,TRAVELNOW,3210
GEHLC,AirIndia,COIMBATORE - (CBE),BANGLORE - (BLR),09-09-2020 10:21,09-09-2020 13:21,3,1,ECONOMY,TRAVELNOW,2210
RIZC5,AirIndia,COIMBATORE - (CBE),MUMBAI - (BOM),10-09-2020 09:10,10-09-2020 12:10,3,1,ECONOMY,TRAVELNOW,4230
8RRJO,AirIndia,COIMBATORE - (CBE),DELHI - (DEL),11-09-2020 02:05,11-09-2020 05:05,3,1,ECONOMY,TRAVELNOW,3420
HY630,AirIndia,COIMBATORE - (CBE),CHENNAI - (MAA),12-09-2020 10:05,12-09-2020 13:05,3,1,ECONOMY,TRAVELNOW,2230
V61ZZ,AirIndia,COIMBATORE - (CBE),KOZHIKODE - (CCJ),08-09-2020 21:05,08-09-2020 23:06,2,0,BUSINESS,FLYMORE,9000
NEINF,AirIndia,COIMBATORE - (CBE),BANGLORE - (BLR),09-09-2020 10:21,09-09-2020 12:21,2,0,BUSINESS,FLYMORE,8540
6KKZE,AirIndia,COIMBATORE - (CBE),MUMBAI - (BOM),10-09-2020 09:10,10-09-2020 11:10,2,0,BUSINESS,TRAVELNOW,8950
I1U75,AirIndia,COIMBATORE - (CBE),DELHI - (DEL),11-09-2020 02:05,11-09-2020 04:05,2,0,BUSINESS,TRAVELNOW,7845
LVIV7,AirIndia,COIMBATORE - (CBE),CHENNAI - (MAA),12-09-2020 10:05,12-09-2020 12:05,2,0,BUSINESS,TRAVELNOW,7865
WBD6X,SpiceJet,COIMBATORE - (CBE),KOZHIKODE - (CCJ),08-09-2020 21:05,09-09-2020 03:06,6,4,First Class,FLYMORE,5640
0QAFF,SpiceJet,COIMBATORE - (CBE),BANGLORE - (BLR),09-09-2020 10:21,09-09-2020 16:21,6,4,First Class,FLYMORE,4542
ZPVLX,SpiceJet,COIMBATORE - (CBE),MUMBAI - (BOM),10-09-2020 09:10,10-09-2020 15:10,6,4,First Class,FLYMORE,4650
SWM2F,SpiceJet,COIMBATORE - (CBE),DELHI - (DEL),11-09-2020 02:05,11-09-2020 08:05,6,4,First Class,FLYMORE,5010
BXMDE,SpiceJet,COIMBATORE - (CBE),CHENNAI - (MAA),12-09-2020 10:05,12-09-2020 16:05,6,4,First Class,FLYMORE,6540
4J9D7,SpiceJet,COIMBATORE - (CBE),KOZHIKODE - (CCJ),08-09-2020 21:05,09-09-2020 02:06,5,3,First Class,TRAVELNOW,4500
B6T58,SpiceJet,COIMBATORE - (CBE),BANGLORE - (BLR),09-09-2020 10:21,09-09-2020 15:21,5,3,First Class,TRAVELNOW,8540
CMYKF,SpiceJet,COIMBATORE - (CBE),MUMBAI - (BOM),10-09-2020 09:10,10-09-2020 14:10,5,3,First Class,TRAVELNOW,8950
TWCOP,SpiceJet,COIMBATORE - (CBE),DELHI - (DEL),11-09-2020 02:05,11-09-2020 07:05,5,3,First Class,TRAVELNOW,7845
F1THU,SpiceJet,COIMBATORE - (CBE),CHENNAI - (MAA),12-09-2020 10:05,12-09-2020 15:05,5,3,First Class,TRAVELNOW,7865
PCKR5,SpiceJet,COIMBATORE - (CBE),KOZHIKODE - (CCJ),08-09-2020 21:05,09-09-2020 01:06,4,2,ECONOMY,FLYMORE,4510
509KB,SpiceJet,COIMBATORE - (CBE),BANGLORE - (BLR),09-09-2020 10:21,09-09-2020 14:21,4,2,ECONOMY,FLYMORE,4545
XNPH5,SpiceJet,COIMBATORE - (CBE),MUMBAI - (BOM),10-09-2020 09:10,10-09-2020 13:10,4,2,ECONOMY,FLYMORE,5656
RL6D0,SpiceJet,COIMBATORE - (CBE),DELHI - (DEL),11-09-2020 02:05,11-09-2020 06:05,4,2,ECONOMY,FLYMORE,3456
IECOH,SpiceJet,COIMBATORE - (CBE),CHENNAI - (MAA),12-09-2020 10:05,12-09-2020 14:05,4,2,ECONOMY,FLYMORE,5642
QRNGW,SpiceJet,COIMBATORE - (CBE),KOZHIKODE - (CCJ),08-09-2020 21:05,09-09-2020 00:06,3,1,ECONOMY,TRAVELNOW,3210
DXDRU,SpiceJet,COIMBATORE - (CBE),BANGLORE - (BLR),09-09-2020 10:21,09-09-2020 13:21,3,1,ECONOMY,TRAVELNOW,2210
GR8O4,SpiceJet,COIMBATORE - (CBE),MUMBAI - (BOM),10-09-2020 09:10,10-09-2020 12:10,3,1,ECONOMY,TRAVELNOW,4230
OPG90,SpiceJet,COIMBATORE - (CBE),DELHI - (DEL),11-09-2020 02:05,11-09-2020 05:05,3,1,ECONOMY,TRAVELNOW,3420
ZAHIU,SpiceJet,COIMBATORE - (CBE),CHENNAI - (MAA),12-09-2020 10:05,12-09-2020 13:05,3,1,ECONOMY,TRAVELNOW,2230
IQZIL,SpiceJet,COIMBATORE - (CBE),KOZHIKODE - (CCJ),08-09-2020 21:05,08-09-2020 23:06,2,0,BUSINESS,FLYMORE,9000
OHSZR,SpiceJet,COIMBATORE - (CBE),BANGLORE - (BLR),09-09-2020 10:21,09-09-2020 12:21,2,0,BUSINESS,FLYMORE,8540
YMAWE,SpiceJet,COIMBATORE - (CBE),MUMBAI - (BOM),10-09-2020 09:10,10-09-2020 11:10,2,0,BUSINESS,TRAVELNOW,8950
W7YXU,SpiceJet,COIMBATORE - (CBE),DELHI - (DEL),11-09-2020 02:05,11-09-2020 04:05,2,0,BUSINESS,TRAVELNOW,7845
OZP59,SpiceJet,COIMBATORE - (CBE),CHENNAI - (MAA),12-09-2020 10:05,12-09-2020 12:05,2,0,BUSINESS,TRAVELNOW,7865
DNSE4,JetAirways,COIMBATORE - (CBE),KOZHIKODE - (CCJ),08-09-2020 21:05,09-09-2020 03:06,6,4,First Class,FLYMORE,5640
Z9938,JetAirways,COIMBATORE - (CBE),BANGLORE - (BLR),09-09-2020 10:21,09-09-2020 16:21,6,4,First Class,FLYMORE,4542
NZHZK,JetAirways,COIMBATORE - (CBE),MUMBAI - (BOM),10-09-2020 09:10,10-09-2020 15:10,6,4,First Class,FLYMORE,4650
8M5QF,JetAirways,COIMBATORE - (CBE),DELHI - (DEL),11-09-2020 02:05,11-09-2020 08:05,6,4,First Class,FLYMORE,5010
PDQUU,JetAirways,COIMBATORE - (CBE),CHENNAI - (MAA),12-09-2020 10:05,12-09-2020 16:05,6,4,First Class,FLYMORE,6540
4UL5J,JetAirways,COIMBATORE - (CBE),KOZHIKODE - (CCJ),08-09-2020 21:05,09-09-2020 02:06,5,3,First Class,TRAVELNOW,4500
QDWVL,JetAirways,COIMBATORE - (CBE),BANGLORE - (BLR),09-09-2020 10:21,09-09-2020 15:21,5,3,First Class,TRAVELNOW,8540
A4IHW,JetAirways,COIMBATORE - (CBE),MUMBAI - (BOM),10-09-2020 09:10,10-09-2020 14:10,5,3,First Class,TRAVELNOW,8950
9VVKV,JetAirways,COIMBATORE - (CBE),DELHI - (DEL),11-09-2020 02:05,11-09-2020 07:05,5,3,First Class,TRAVELNOW,7845
PSU96,JetAirways,COIMBATORE - (CBE),CHENNAI - (MAA),12-09-2020 10:05,12-09-2020 15:05,5,3,First Class,TRAVELNOW,7865
UQSSX,JetAirways,COIMBATORE - (CBE),KOZHIKODE - (CCJ),08-09-2020 21:05,09-09-2020 01:06,4,2,ECONOMY,FLYMORE,4510
UZUCZ,JetAirways,COIMBATORE - (CBE),BANGLORE - (BLR),09-09-2020 10:21,09-09-2020 14:21,4,2,ECONOMY,FLYMORE,4545
UPX6C,JetAirways,COIMBATORE - (CBE),MUMBAI - (BOM),10-09-2020 09:10,10-09-2020 13:10,4,2,ECONOMY,FLYMORE,5656
MDT7I,JetAirways,COIMBATORE - (CBE),DELHI - (DEL),11-09-2020 02:05,11-09-2020 06:05,4,2,ECONOMY,FLYMORE,3456
67CFZ,JetAirways,COIMBATORE - (CBE),CHENNAI - (MAA),12-09-2020 10:05,12-09-2020 14:05,4,2,ECONOMY,FLYMORE,5642
F55U1,JetAirways,COIMBATORE - (CBE),KOZHIKODE - (CCJ),08-09-2020 21:05,09-09-2020 00:06,3,1,ECONOMY,TRAVELNOW,3210
KFQD5,JetAirways,COIMBATORE - (CBE),BANGLORE - (BLR),09-09-2020 10:21,09-09-2020 13:21,3,1,ECONOMY,TRAVELNOW,2210
5H4BD,JetAirways,COIMBATORE - (CBE),MUMBAI - (BOM),10-09-2020 09:10,10-09-2020 12:10,3,1,ECONOMY,TRAVELNOW,4230
SO048,JetAirways,COIMBATORE - (CBE),DELHI - (DEL),11-09-2020 02:05,11-09-2020 05:05,3,1,ECONOMY,TRAVELNOW,3420
OV21T,JetAirways,COIMBATORE - (CBE),CHENNAI - (MAA),12-09-2020 10:05,12-09-2020 13:05,3,1,ECONOMY,TRAVELNOW,2230
I1255,JetAirways,COIMBATORE - (CBE),KOZHIKODE - (CCJ),08-09-2020 21:05,08-09-2020 23:06,2,0,BUSINESS,FLYMORE,9000
S60DW,JetAirways,COIMBATORE - (CBE),BANGLORE - (BLR),09-09-2020 10:21,09-09-2020 12:21,2,0,BUSINESS,FLYMORE,8540
4FWGB,JetAirways,COIMBATORE - (CBE),MUMBAI - (BOM),10-09-2020 09:10,10-09-2020 11:10,2,0,BUSINESS,TRAVELNOW,8950
HT2W0,JetAirways,COIMBATORE - (CBE),DELHI - (DEL),11-09-2020 02:05,11-09-2020 04:05,2,0,BUSINESS,TRAVELNOW,7845
SH43N,JetAirways,COIMBATORE - (CBE),CHENNAI - (MAA),12-09-2020 10:05,12-09-2020 12:05,2,0,BUSINESS,TRAVELNOW,7865
IIZ2C,GOAIR,COIMBATORE - (CBE),KOZHIKODE - (CCJ),08-09-2020 21:05,09-09-2020 03:06,6,4,First Class,FLYMORE,5640
5C7HS,GOAIR,COIMBATORE - (CBE),BANGLORE - (BLR),09-09-2020 10:21,09-09-2020 16:21,6,4,First Class,FLYMORE,4542
DQPBW,GOAIR,COIMBATORE - (CBE),MUMBAI - (BOM),10-09-2020 09:10,10-09-2020 15:10,6,4,First Class,FLYMORE,4650
B2Z78,GOAIR,COIMBATORE - (CBE),DELHI - (DEL),11-09-2020 02:05,11-09-2020 08:05,6,4,First Class,FLYMORE,5010
PAJ39,GOAIR,COIMBATORE - (CBE),CHENNAI - (MAA),12-09-2020 10:05,12-09-2020 16:05,6,4,First Class,FLYMORE,6540
49RGK,GOAIR,COIMBATORE - (CBE),KOZHIKODE - (CCJ),08-09-2020 21:05,09-09-2020 02:06,5,3,First Class,TRAVELNOW,4500
ADL1Z,GOAIR,COIMBATORE - (CBE),BANGLORE - (BLR),09-09-2020 10:21,09-09-2020 15:21,5,3,First Class,TRAVELNOW,8540
TQV5J,GOAIR,COIMBATORE - (CBE),MUMBAI - (BOM),10-09-2020 09:10,10-09-2020 14:10,5,3,First Class,TRAVELNOW,8950
DVSS7,GOAIR,COIMBATORE - (CBE),DELHI - (DEL),11-09-2020 02:05,11-09-2020 07:05,5,3,First Class,TRAVELNOW,7845
2QXBP,GOAIR,COIMBATORE - (CBE),CHENNAI - (MAA),12-09-2020 10:05,12-09-2020 15:05,5,3,First Class,TRAVELNOW,7865
NXVCW,GOAIR,COIMBATORE - (CBE),KOZHIKODE - (CCJ),08-09-2020 21:05,09-09-2020 01:06,4,2,ECONOMY,FLYMORE,4510
0ZZKL,GOAIR,COIMBATORE - (CBE),BANGLORE - (BLR),09-09-2020 10:21,09-09-2020 14:21,4,2,ECONOMY,FLYMORE,4545
649GZ,GOAIR,COIMBATORE - (CBE),MUMBAI - (BOM),10-09-2020 09:10,10-09-2020 13:10,4,2,ECONOMY,FLYMORE,5656
FN264,GOAIR,COIMBATORE - (CBE),DELHI - (DEL),11-09-2020 02:05,11-09-2020 06:05,4,2,ECONOMY,FLYMORE,3456
DECRB,GOAIR,COIMBATORE - (CBE),CHENNAI - (MAA),12-09-2020 10:05,12-09-2020 14:05,4,2,ECONOMY,FLYMORE,5642
PDRNT,GOAIR,COIMBATORE - (CBE),KOZHIKODE - (CCJ),08-09-2020 21:05,09-09-2020 00:06,3,1,ECONOMY,TRAVELNOW,3210
H4Q4Y,GOAIR,COIMBATORE - (CBE),BANGLORE - (BLR),09-09-2020 10:21,09-09-2020 13:21,3,1,ECONOMY,TRAVELNOW,2210
UDRUJ,GOAIR,COIMBATORE - (CBE),MUMBAI - (BOM),10-09-2020 09:10,10-09-2020 12:10,3,1,ECONOMY,TRAVELNOW,4230
AZADY,GOAIR,COIMBATORE - (CBE),DELHI - (DEL),11-09-2020 02:05,11-09-2020 05:05,3,1,ECONOMY,TRAVELNOW,3420
X9219,GOAIR,COIMBATORE - (CBE),CHENNAI - (MAA),12-09-2020 10:05,12-09-2020 13:05,3,1,ECONOMY,TRAVELNOW,2230
DX56E,GOAIR,COIMBATORE - (CBE),KOZHIKODE - (CCJ),08-09-2020 21:05,08-09-2020 23:06,2,0,BUSINESS,FLYMORE,9000
36W5N,GOAIR,COIMBATORE - (CBE),BANGLORE - (BLR),09-09-2020 10:21,09-09-2020 12:21,2,0,BUSINESS,FLYMORE,8540
D4TEI,GOAIR,COIMBATORE - (CBE),MUMBAI - (BOM),10-09-2020 09:10,10-09-2020 11:10,2,0,BUSINESS,TRAVELNOW,8950
6URGR,GOAIR,COIMBATORE - (CBE),DELHI - (DEL),11-09-2020 02:05,11-09-2020 04:05,2,0,BUSINESS,TRAVELNOW,7845
XPZW3,GOAIR,COIMBATORE - (CBE),CHENNAI - (MAA),12-09-2020 10:05,12-09-2020 12:05,2,0,BUSINESS,TRAVELNOW,7865
3L0P9,Indigo,DELHI - (DEL),KOZHIKODE - (CCJ),08-09-2020 21:05,09-09-2020 03:06,6,4,First Class,FLYMORE,5640
7QJQ3,Indigo,DELHI - (DEL),MUMBAI - (BOM),10-09-2020 09:10,10-09-2020 15:10,6,4,First Class,FLYMORE,4650
QTPX9,Indigo,DELHI - (DEL),CHENNAI - (MAA),11-09-2020 02:05,11-09-2020 08:05,6,4,First Class,FLYMORE,5010
ITIFK,Indigo,DELHI - (DEL),COIMBATORE - (CBE),12-09-2020 10:05,12-09-2020 16:05,6,4,First Class,FLYMORE,6540
6U5E0,Indigo,DELHI - (DEL),KOZHIKODE - (CCJ),08-09-2020 21:05,09-09-2020 02:06,5,3,First Class,TRAVELNOW,4500
QQ60K,Indigo,DELHI - (DEL),BANGLORE - (BLR),09-09-2020 10:21,09-09-2020 15:21,5,3,First Class,TRAVELNOW,8540
AWQIS,Indigo,DELHI - (DEL),MUMBAI - (BOM),10-09-2020 09:10,10-09-2020 14:10,5,3,First Class,TRAVELNOW,8950
5TQZF,Indigo,DELHI - (DEL),CHENNAI - (MAA),11-09-2020 02:05,11-09-2020 07:05,5,3,First Class,TRAVELNOW,7845
18ARE,Indigo,DELHI - (DEL),COIMBATORE - (CBE),12-09-2020 10:05,12-09-2020 15:05,5,3,First Class,TRAVELNOW,7865
2Y9WT,Indigo,DELHI - (DEL),KOZHIKODE - (CCJ),08-09-2020 21:05,09-09-2020 01:06,4,2,ECONOMY,FLYMORE,4510
P7YTI,Indigo,DELHI - (DEL),BANGLORE - (BLR),09-09-2020 10:21,09-09-2020 14:21,4,2,ECONOMY,FLYMORE,4545
M0S1O,Indigo,DELHI - (DEL),MUMBAI - (BOM),10-09-2020 09:10,10-09-2020 13:10,4,2,ECONOMY,FLYMORE,5656
VT02K,Indigo,DELHI - (DEL),CHENNAI - (MAA),11-09-2020 02:05,11-09-2020 06:05,4,2,ECONOMY,FLYMORE,3456
1ZO0X,Indigo,DELHI - (DEL),COIMBATORE - (CBE),12-09-2020 10:05,12-09-2020 14:05,4,2,ECONOMY,FLYMORE,5642
MGXY0,Indigo,DELHI - (DEL),KOZHIKODE - (CCJ),08-09-2020 21:05,09-09-2020 00:06,3,1,ECONOMY,TRAVELNOW,3210
USSLL,Indigo,DELHI - (DEL),BANGLORE - (BLR),09-09-2020 10:21,09-09-2020 13:21,3,1,ECONOMY,TRAVELNOW,2210
UQ99Z,Indigo,DELHI - (DEL),MUMBAI - (BOM),10-09-2020 09:10,10-09-2020 12:10,3,1,ECONOMY,TRAVELNOW,4230
UM859,Indigo,DELHI - (DEL),CHENNAI - (MAA),11-09-2020 02:05,11-09-2020 05:05,3,1,ECONOMY,TRAVELNOW,3420
FR8GN,Indigo,DELHI - (DEL),COIMBATORE - (CBE),12-09-2020 10:05,12-09-2020 13:05,3,1,ECONOMY,TRAVELNOW,2230
RL68Y,Indigo,DELHI - (DEL),KOZHIKODE - (CCJ),08-09-2020 21:05,08-09-2020 23:06,2,0,BUSINESS,FLYMORE,9000
E9QMD,Indigo,DELHI - (DEL),BANGLORE - (BLR),09-09-2020 10:21,09-09-2020 12:21,2,0,BUSINESS,FLYMORE,8540
WT8GC,Indigo,DELHI - (DEL),MUMBAI - (BOM),10-09-2020 09:10,10-09-2020 11:10,2,0,BUSINESS,TRAVELNOW,8950
AXXYL,Indigo,DELHI - (DEL),CHENNAI - (MAA),11-09-2020 02:05,11-09-2020 04:05,2,0,BUSINESS,TRAVELNOW,7845
3IA4R,Indigo,DELHI - (DEL),COIMBATORE - (CBE),12-09-2020 10:05,12-09-2020 12:05,2,0,BUSINESS,TRAVELNOW,7865
Z8247,AirAsia,DELHI - (DEL),KOZHIKODE - (CCJ),08-09-2020 21:05,09-09-2020 03:06,6,4,First Class,FLYMORE,5640
GF5RU,AirAsia,DELHI - (DEL),BANGLORE - (BLR),09-09-2020 10:21,09-09-2020 16:21,6,4,First Class,FLYMORE,4542
46NPV,AirAsia,DELHI - (DEL),MUMBAI - (BOM),10-09-2020 09:10,10-09-2020 15:10,6,4,First Class,FLYMORE,4650
XJRH8,AirAsia,DELHI - (DEL),CHENNAI - (MAA),11-09-2020 02:05,11-09-2020 08:05,6,4,First Class,FLYMORE,5010
525CD,AirAsia,DELHI - (DEL),COIMBATORE - (CBE),12-09-2020 10:05,12-09-2020 16:05,6,4,First Class,FLYMORE,6540
8PYQO,AirAsia,DELHI - (DEL),KOZHIKODE - (CCJ),08-09-2020 21:05,09-09-2020 02:06,5,3,First Class,TRAVELNOW,4500
CPALJ,AirAsia,DELHI - (DEL),BANGLORE - (BLR),09-09-2020 10:21,09-09-2020 15:21,5,3,First Class,TRAVELNOW,8540
8SJBS,AirAsia,DELHI - (DEL),MUMBAI - (BOM),10-09-2020 09:10,10-09-2020 14:10,5,3,First Class,TRAVELNOW,8950
TIQJT,AirAsia,DELHI - (DEL),CHENNAI - (MAA),11-09-2020 02:05,11-09-2020 07:05,5,3,First Class,TRAVELNOW,7845
YPLOG,AirAsia,DELHI - (DEL),COIMBATORE - (CBE),12-09-2020 10:05,12-09-2020 15:05,5,3,First Class,TRAVELNOW,7865
KDIJS,AirAsia,DELHI - (DEL),KOZHIKODE - (CCJ),08-09-2020 21:05,09-09-2020 01:06,4,2,ECONOMY,FLYMORE,4510
D2SSJ,AirAsia,DELHI - (DEL),BANGLORE - (BLR),09-09-2020 10:21,09-09-2020 14:21,4,2,ECONOMY,FLYMORE,4545
T7BQ4,AirAsia,DELHI - (DEL),MUMBAI - (BOM),10-09-2020 09:10,10-09-2020 13:10,4,2,ECONOMY,FLYMORE,5656
YGH1A,AirAsia,DELHI - (DEL),CHENNAI - (MAA),11-09-2020 02:05,11-09-2020 06:05,4,2,ECONOMY,FLYMORE,3456
B272A,AirAsia,DELHI - (DEL),COIMBATORE - (CBE),12-09-2020 10:05,12-09-2020 14:05,4,2,ECONOMY,FLYMORE,5642
OUXPP,AirAsia,DELHI - (DEL),KOZHIKODE - (CCJ),08-09-2020 21:05,09-09-2020 00:06,3,1,ECONOMY,TRAVELNOW,3210
XPLO7,AirAsia,DELHI - (DEL),BANGLORE - (BLR),09-09-2020 10:21,09-09-2020 13:21,3,1,ECONOMY,TRAVELNOW,2210
FVVLR,AirAsia,DELHI - (DEL),MUMBAI - (BOM),10-09-2020 09:10,10-09-2020 12:10,3,1,ECONOMY,TRAVELNOW,4230
PKMXT,AirAsia,DELHI - (DEL),CHENNAI - (MAA),11-09-2020 02:05,11-09-2020 05:05,3,1,ECONOMY,TRAVELNOW,3420
RVCZD,AirAsia,DELHI - (DEL),COIMBATORE - (CBE),12-09-2020 10:05,12-09-2020 13:05,3,1,ECONOMY,TRAVELNOW,2230
QNN9D,AirAsia,DELHI - (DEL),KOZHIKODE - (CCJ),08-09-2020 21:05,08-09-2020 23:06,2,0,BUSINESS,FLYMORE,9000
OQPPM,AirAsia,DELHI - (DEL),BANGLORE - (BLR),09-09-2020 10:21,09-09-2020 12:21,2,0,BUSINESS,FLYMORE,8540
ZBWOE,AirAsia,DELHI - (DEL),MUMBAI - (BOM),10-09-2020 09:10,10-09-2020 11:10,2,0,BUSINESS,TRAVELNOW,8950
AVQNG,AirAsia,DELHI - (DEL),CHENNAI - (MAA),11-09-2020 02:05,11-09-2020 04:05,2,0,BUSINESS,TRAVELNOW,7845
Z4UHR,AirAsia,DELHI - (DEL),COIMBATORE - (CBE),12-09-2020 10:05,12-09-2020 12:05,2,0,BUSINESS,TRAVELNOW,7865
KVI69,AirIndia,DELHI - (DEL),KOZHIKODE - (CCJ),08-09-2020 21:05,09-09-2020 03:06,6,4,First Class,FLYMORE,5640
8GELH,AirIndia,DELHI - (DEL),BANGLORE - (BLR),09-09-2020 10:21,09-09-2020 16:21,6,4,First Class,FLYMORE,4542
C6N3D,AirIndia,DELHI - (DEL),MUMBAI - (BOM),10-09-2020 09:10,10-09-2020 15:10,6,4,First Class,FLYMORE,4650
IBPZ9,AirIndia,DELHI - (DEL),CHENNAI - (MAA),11-09-2020 02:05,11-09-2020 08:05,6,4,First Class,FLYMORE,5010
0SH9Q,AirIndia,DELHI - (DEL),COIMBATORE - (CBE),12-09-2020 10:05,12-09-2020 16:05,6,4,First Class,FLYMORE,6540
S4P1V,AirIndia,DELHI - (DEL),KOZHIKODE - (CCJ),08-09-2020 21:05,09-09-2020 02:06,5,3,First Class,TRAVELNOW,4500
1PWM1,AirIndia,DELHI - (DEL),BANGLORE - (BLR),09-09-2020 10:21,09-09-2020 15:21,5,3,First Class,TRAVELNOW,8540
AAVTR,AirIndia,DELHI - (DEL),MUMBAI - (BOM),10-09-2020 09:10,10-09-2020 14:10,5,3,First Class,TRAVELNOW,8950
IJAY8,AirIndia,DELHI - (DEL),CHENNAI - (MAA),11-09-2020 02:05,11-09-2020 07:05,5,3,First Class,TRAVELNOW,7845
2VJ2T,AirIndia,DELHI - (DEL),COIMBATORE - (CBE),12-09-2020 10:05,12-09-2020 15:05,5,3,First Class,TRAVELNOW,7865
BU7G7,AirIndia,DELHI - (DEL),KOZHIKODE - (CCJ),08-09-2020 21:05,09-09-2020 01:06,4,2,ECONOMY,FLYMORE,4510
2HP16,AirIndia,DELHI - (DEL),BANGLORE - (BLR),09-09-2020 10:21,09-09-2020 14:21,4,2,ECONOMY,FLYMORE,4545
O5GS7,AirIndia,DELHI - (DEL),MUMBAI - (BOM),10-09-2020 09:10,10-09-2020 13:10,4,2,ECONOMY,FLYMORE,5656
7XLVY,AirIndia,DELHI - (DEL),CHENNAI - (MAA),11-09-2020 02:05,11-09-2020 06:05,4,2,ECONOMY,FLYMORE,3456
9ITQ6,AirIndia,DELHI - (DEL),COIMBATORE - (CBE),12-09-2020 10:05,12-09-2020 14:05,4,2,ECONOMY,FLYMORE,5642
0BDVO,AirIndia,DELHI - (DEL),KOZHIKODE - (CCJ),08-09-2020 21:05,09-09-2020 00:06,3,1,ECONOMY,TRAVELNOW,3210
JQNJU,AirIndia,DELHI - (DEL),BANGLORE - (BLR),09-09-2020 10:21,09-09-2020 13:21,3,1,ECONOMY,TRAVELNOW,2210
JGK9X,AirIndia,DELHI - (DEL),MUMBAI - (BOM),10-09-2020 09:10,10-09-2020 12:10,3,1,ECONOMY,TRAVELNOW,4230
TYL60,AirIndia,DELHI - (DEL),CHENNAI - (MAA),11-09-2020 02:05,11-09-2020 05:05,3,1,ECONOMY,TRAVELNOW,3420
A6C3K,AirIndia,DELHI - (DEL),COIMBATORE - (CBE),12-09-2020 10:05,12-09-2020 13:05,3,1,ECONOMY,TRAVELNOW,2230
3N6X0,AirIndia,DELHI - (DEL),KOZHIKODE - (CCJ),08-09-2020 21:05,08-09-2020 23:06,2,0,BUSINESS,FLYMORE,9000
OMEOX,AirIndia,DELHI - (DEL),BANGLORE - (BLR),09-09-2020 10:21,09-09-2020 12:21,2,0,BUSINESS,FLYMORE,8540
VKLJE,AirIndia,DELHI - (DEL),MUMBAI - (BOM),10-09-2020 09:10,10-09-2020 11:10,2,0,BUSINESS,TRAVELNOW,8950
GQMG2,AirIndia,DELHI - (DEL),CHENNAI - (MAA),11-09-2020 02:05,11-09-2020 04:05,2,0,BUSINESS,TRAVELNOW,7845
LZ7Q2,AirIndia,DELHI - (DEL),COIMBATORE - (CBE),12-09-2020 10:05,12-09-2020 12:05,2,0,BUSINESS,TRAVELNOW,7865
8EZW3,SpiceJet,DELHI - (DEL),KOZHIKODE - (CCJ),08-09-2020 21:05,09-09-2020 03:06,6,4,First Class,FLYMORE,5640
O9KSV,SpiceJet,DELHI - (DEL),BANGLORE - (BLR),09-09-2020 10:21,09-09-2020 16:21,6,4,First Class,FLYMORE,4542
G1O4D,SpiceJet,DELHI - (DEL),MUMBAI - (BOM),10-09-2020 09:10,10-09-2020 15:10,6,4,First Class,FLYMORE,4650
C3ZAW,SpiceJet,DELHI - (DEL),CHENNAI - (MAA),11-09-2020 02:05,11-09-2020 08:05,6,4,First Class,FLYMORE,5010
Y6PJH,SpiceJet,DELHI - (DEL),COIMBATORE - (CBE),12-09-2020 10:05,12-09-2020 16:05,6,4,First Class,FLYMORE,6540
8LK62,SpiceJet,DELHI - (DEL),KOZHIKODE - (CCJ),08-09-2020 21:05,09-09-2020 02:06,5,3,First Class,TRAVELNOW,4500
7GE9C,SpiceJet,DELHI - (DEL),BANGLORE - (BLR),09-09-2020 10:21,09-09-2020 15:21,5,3,First Class,TRAVELNOW,8540
25IQ5,SpiceJet,DELHI - (DEL),MUMBAI - (BOM),10-09-2020 09:10,10-09-2020 14:10,5,3,First Class,TRAVELNOW,8950
L4U96,SpiceJet,DELHI - (DEL),CHENNAI - (MAA),11-09-2020 02:05,11-09-2020 07:05,5,3,First Class,TRAVELNOW,7845
6VG7G,SpiceJet,DELHI - (DEL),COIMBATORE - (CBE),12-09-2020 10:05,12-09-2020 15:05,5,3,First Class,TRAVELNOW,7865
FM6E1,SpiceJet,DELHI - (DEL),KOZHIKODE - (CCJ),08-09-2020 21:05,09-09-2020 01:06,4,2,ECONOMY,FLYMORE,4510
HDZBH,SpiceJet,DELHI - (DEL),BANGLORE - (BLR),09-09-2020 10:21,09-09-2020 14:21,4,2,ECONOMY,FLYMORE,4545
GDWXE,SpiceJet,DELHI - (DEL),MUMBAI - (BOM),10-09-2020 09:10,10-09-2020 13:10,4,2,ECONOMY,FLYMORE,5656
P0UU1,SpiceJet,DELHI - (DEL),CHENNAI - (MAA),11-09-2020 02:05,11-09-2020 06:05,4,2,ECONOMY,FLYMORE,3456
ZKMGC,SpiceJet,DELHI - (DEL),COIMBATORE - (CBE),12-09-2020 10:05,12-09-2020 14:05,4,2,ECONOMY,FLYMORE,5642
N2WB3,SpiceJet,DELHI - (DEL),KOZHIKODE - (CCJ),08-09-2020 21:05,09-09-2020 00:06,3,1,ECONOMY,TRAVELNOW,3210
E6M4O,SpiceJet,DELHI - (DEL),BANGLORE - (BLR),09-09-2020 10:21,09-09-2020 13:21,3,1,ECONOMY,TRAVELNOW,2210
LLFZZ,SpiceJet,DELHI - (DEL),MUMBAI - (BOM),10-09-2020 09:10,10-09-2020 12:10,3,1,ECONOMY,TRAVELNOW,4230
CWQH7,SpiceJet,DELHI - (DEL),CHENNAI - (MAA),11-09-2020 02:05,11-09-2020 05:05,3,1,ECONOMY,TRAVELNOW,3420
9PG0F,SpiceJet,DELHI - (DEL),COIMBATORE - (CBE),12-09-2020 10:05,12-09-2020 13:05,3,1,ECONOMY,TRAVELNOW,2230
SLBNR,SpiceJet,DELHI - (DEL),KOZHIKODE - (CCJ),08-09-2020 21:05,08-09-2020 23:06,2,0,BUSINESS,FLYMORE,9000
XKL2Y,SpiceJet,DELHI - (DEL),BANGLORE - (BLR),09-09-2020 10:21,09-09-2020 12:21,2,0,BUSINESS,FLYMORE,8540
IN58X,SpiceJet,DELHI - (DEL),MUMBAI - (BOM),10-09-2020 09:10,10-09-2020 11:10,2,0,BUSINESS,TRAVELNOW,8950
G26RX,SpiceJet,DELHI - (DEL),CHENNAI - (MAA),11-09-2020 02:05,11-09-2020 04:05,2,0,BUSINESS,TRAVELNOW,7845
1X3ZM,SpiceJet,DELHI - (DEL),COIMBATORE - (CBE),12-09-2020 10:05,12-09-2020 12:05,2,0,BUSINESS,TRAVELNOW,7865
3GRGK,JetAirways,DELHI - (DEL),KOZHIKODE - (CCJ),08-09-2020 21:05,09-09-2020 03:06,6,4,First Class,FLYMORE,5640
532TX,JetAirways,DELHI - (DEL),BANGLORE - (BLR),09-09-2020 10:21,09-09-2020 16:21,6,4,First Class,FLYMORE,4542
XG9TF,JetAirways,DELHI - (DEL),MUMBAI - (BOM),10-09-2020 09:10,10-09-2020 15:10,6,4,First Class,FLYMORE,4650
1GXIQ,JetAirways,DELHI - (DEL),CHENNAI - (MAA),11-09-2020 02:05,11-09-2020 08:05,6,4,First Class,FLYMORE,5010
TYQFL,JetAirways,DELHI - (DEL),COIMBATORE - (CBE),12-09-2020 10:05,12-09-2020 16:05,6,4,First Class,FLYMORE,6540
PLXTO,JetAirways,DELHI - (DEL),KOZHIKODE - (CCJ),08-09-2020 21:05,09-09-2020 02:06,5,3,First Class,TRAVELNOW,4500
W9ZJ1,JetAirways,DELHI - (DEL),BANGLORE - (BLR),09-09-2020 10:21,09-09-2020 15:21,5,3,First Class,TRAVELNOW,8540
LIKMV,JetAirways,DELHI - (DEL),MUMBAI - (BOM),10-09-2020 09:10,10-09-2020 14:10,5,3,First Class,TRAVELNOW,8950
2TYW2,JetAirways,DELHI - (DEL),CHENNAI - (MAA),11-09-2020 02:05,11-09-2020 07:05,5,3,First Class,TRAVELNOW,7845
8NJZN,JetAirways,DELHI - (DEL),COIMBATORE - (CBE),12-09-2020 10:05,12-09-2020 15:05,5,3,First Class,TRAVELNOW,7865
BJ1IE,JetAirways,DELHI - (DEL),KOZHIKODE - (CCJ),08-09-2020 21:05,09-09-2020 01:06,4,2,ECONOMY,FLYMORE,4510
8V4MZ,JetAirways,DELHI - (DEL),BANGLORE - (BLR),09-09-2020 10:21,09-09-2020 14:21,4,2,ECONOMY,FLYMORE,4545
2IOWX,JetAirways,DELHI - (DEL),MUMBAI - (BOM),10-09-2020 09:10,10-09-2020 13:10,4,2,ECONOMY,FLYMORE,5656
AJ242,JetAirways,DELHI - (DEL),CHENNAI - (MAA),11-09-2020 02:05,11-09-2020 06:05,4,2,ECONOMY,FLYMORE,3456
90M98,JetAirways,DELHI - (DEL),COIMBATORE - (CBE),12-09-2020 10:05,12-09-2020 14:05,4,2,ECONOMY,FLYMORE,5642
ID2ZQ,JetAirways,DELHI - (DEL),KOZHIKODE - (CCJ),08-09-2020 21:05,09-09-2020 00:06,3,1,ECONOMY,TRAVELNOW,3210
T979H,JetAirways,DELHI - (DEL),BANGLORE - (BLR),09-09-2020 10:21,09-09-2020 13:21,3,1,ECONOMY,TRAVELNOW,2210
N6XX5,JetAirways,DELHI - (DEL),MUMBAI - (BOM),10-09-2020 09:10,10-09-2020 12:10,3,1,ECONOMY,TRAVELNOW,4230
4Y1MN,JetAirways,DELHI - (DEL),CHENNAI - (MAA),11-09-2020 02:05,11-09-2020 05:05,3,1,ECONOMY,TRAVELNOW,3420
3N2SO,JetAirways,DELHI - (DEL),COIMBATORE - (CBE),12-09-2020 10:05,12-09-2020 13:05,3,1,ECONOMY,TRAVELNOW,2230
ZG1T0,JetAirways,DELHI - (DEL),KOZHIKODE - (CCJ),08-09-2020 21:05,08-09-2020 23:06,2,0,BUSINESS,FLYMORE,9000
M27WO,JetAirways,DELHI - (DEL),BANGLORE - (BLR),09-09-2020 10:21,09-09-2020 12:21,2,0,BUSINESS,FLYMORE,8540
J7L0A,JetAirways,DELHI - (DEL),MUMBAI - (BOM),10-09-2020 09:10,10-09-2020 11:10,2,0,BUSINESS,TRAVELNOW,8950
OUXKR,JetAirways,DELHI - (DEL),CHENNAI - (MAA),11-09-2020 02:05,11-09-2020 04:05,2,0,BUSINESS,TRAVELNOW,7845
Y8V3Z,JetAirways,DELHI - (DEL),COIMBATORE - (CBE),12-09-2020 10:05,12-09-2020 12:05,2,0,BUSINESS,TRAVELNOW,7865
7M26V,GOAIR,DELHI - (DEL),KOZHIKODE - (CCJ),08-09-2020 21:05,09-09-2020 03:06,6,4,First Class,FLYMORE,5640
SEGYK,GOAIR,DELHI - (DEL),BANGLORE - (BLR),09-09-2020 10:21,09-09-2020 16:21,6,4,First Class,FLYMORE,4542
OBG8S,GOAIR,DELHI - (DEL),MUMBAI - (BOM),10-09-2020 09:10,10-09-2020 15:10,6,4,First Class,FLYMORE,4650
7DY2C,GOAIR,DELHI - (DEL),CHENNAI - (MAA),11-09-2020 02:05,11-09-2020 08:05,6,4,First Class,FLYMORE,5010
WEI3O,GOAIR,DELHI - (DEL),COIMBATORE - (CBE),12-09-2020 10:05,12-09-2020 16:05,6,4,First Class,FLYMORE,6540
IM69H,GOAIR,DELHI - (DEL),KOZHIKODE - (CCJ),08-09-2020 21:05,09-09-2020 02:06,5,3,First Class,TRAVELNOW,4500
OE13H,GOAIR,DELHI - (DEL),BANGLORE - (BLR),09-09-2020 10:21,09-09-2020 15:21,5,3,First Class,TRAVELNOW,8540
BA6YP,GOAIR,DELHI - (DEL),MUMBAI - (BOM),10-09-2020 09:10,10-09-2020 14:10,5,3,First Class,TRAVELNOW,8950
WIVJE,GOAIR,DELHI - (DEL),CHENNAI - (MAA),11-09-2020 02:05,11-09-2020 07:05,5,3,First Class,TRAVELNOW,7845
MJ0GZ,GOAIR,DELHI - (DEL),COIMBATORE - (CBE),12-09-2020 10:05,12-09-2020 15:05,5,3,First Class,TRAVELNOW,7865
JBI2P,GOAIR,DELHI - (DEL),KOZHIKODE - (CCJ),08-09-2020 21:05,09-09-2020 01:06,4,2,ECONOMY,FLYMORE,4510
FYUBF,GOAIR,DELHI - (DEL),BANGLORE - (BLR),09-09-2020 10:21,09-09-2020 14:21,4,2,ECONOMY,FLYMORE,4545
1X9XZ,GOAIR,DELHI - (DEL),MUMBAI - (BOM),10-09-2020 09:10,10-09-2020 13:10,4,2,ECONOMY,FLYMORE,5656
77V8O,GOAIR,DELHI - (DEL),CHENNAI - (MAA),11-09-2020 02:05,11-09-2020 06:05,4,2,ECONOMY,FLYMORE,3456
YP084,GOAIR,DELHI - (DEL),COIMBATORE - (CBE),12-09-2020 10:05,12-09-2020 14:05,4,2,ECONOMY,FLYMORE,5642
IIXDJ,GOAIR,DELHI - (DEL),KOZHIKODE - (CCJ),08-09-2020 21:05,09-09-2020 00:06,3,1,ECONOMY,TRAVELNOW,3210
KNRAO,GOAIR,DELHI - (DEL),BANGLORE - (BLR),09-09-2020 10:21,09-09-2020 13:21,3,1,ECONOMY,TRAVELNOW,2210
J344X,GOAIR,DELHI - (DEL),MUMBAI - (BOM),10-09-2020 09:10,10-09-2020 12:10,3,1,ECONOMY,TRAVELNOW,4230
C8GO5,GOAIR,DELHI - (DEL),CHENNAI - (MAA),11-09-2020 02:05,11-09-2020 05:05,3,1,ECONOMY,TRAVELNOW,3420
W4CJA,GOAIR,DELHI - (DEL),COIMBATORE - (CBE),12-09-2020 10:05,12-09-2020 13:05,3,1,ECONOMY,TRAVELNOW,2230
U77B7,GOAIR,DELHI - (DEL),KOZHIKODE - (CCJ),08-09-2020 21:05,08-09-2020 23:06,2,0,BUSINESS,FLYMORE,9000
8BGMW,GOAIR,DELHI - (DEL),BANGLORE - (BLR),09-09-2020 10:21,09-09-2020 12:21,2,0,BUSINESS,FLYMORE,8540
6QBBR,GOAIR,DELHI - (DEL),MUMBAI - (BOM),10-09-2020 09:10,10-09-2020 11:10,2,0,BUSINESS,TRAVELNOW,8950
0JPNK,GOAIR,DELHI - (DEL),CHENNAI - (MAA),11-09-2020 02:05,11-09-2020 04:05,2,0,BUSINESS,TRAVELNOW,7845
B3K59,GOAIR,DELHI - (DEL),COIMBATORE - (CBE),12-09-2020 10:05,12-09-2020 12:05,2,0,BUSINESS,TRAVELNOW,7865
SXONU,Indigo,KOZHIKODE - (CCJ),CHENNAI - (MAA),08-09-2020 21:05,09-09-2020 03:06,6,4,First Class,FLYMORE,5640
0OCFD,Indigo,KOZHIKODE - (CCJ),BANGLORE - (BLR),09-09-2020 10:21,09-09-2020 16:21,6,4,First Class,FLYMORE,4542
MQZ18,Indigo,KOZHIKODE - (CCJ),MUMBAI - (BOM),10-09-2020 09:10,10-09-2020 15:10,6,4,First Class,FLYMORE,4650
M36VR,Indigo,KOZHIKODE - (CCJ),DELHI - (DEL),11-09-2020 02:05,11-09-2020 08:05,6,4,First Class,FLYMORE,5010
OW669,Indigo,KOZHIKODE - (CCJ),COIMBATORE - (CBE),12-09-2020 10:05,12-09-2020 16:05,6,4,First Class,FLYMORE,6540
SKOZV,Indigo,KOZHIKODE - (CCJ),CHENNAI - (MAA),08-09-2020 21:05,09-09-2020 02:06,5,3,First Class,TRAVELNOW,4500
SN33J,Indigo,KOZHIKODE - (CCJ),BANGLORE - (BLR),09-09-2020 10:21,09-09-2020 15:21,5,3,First Class,TRAVELNOW,8540
EEKT1,Indigo,KOZHIKODE - (CCJ),MUMBAI - (BOM),10-09-2020 09:10,10-09-2020 14:10,5,3,First Class,TRAVELNOW,8950
IR165,Indigo,KOZHIKODE - (CCJ),DELHI - (DEL),11-09-2020 02:05,11-09-2020 07:05,5,3,First Class,TRAVELNOW,7845
N44CR,Indigo,KOZHIKODE - (CCJ),COIMBATORE - (CBE),12-09-2020 10:05,12-09-2020 15:05,5,3,First Class,TRAVELNOW,7865
EFKK0,Indigo,KOZHIKODE - (CCJ),CHENNAI - (MAA),08-09-2020 21:05,09-09-2020 01:06,4,2,ECONOMY,FLYMORE,4510
NDAQE,Indigo,KOZHIKODE - (CCJ),BANGLORE - (BLR),09-09-2020 10:21,09-09-2020 14:21,4,2,ECONOMY,FLYMORE,4545
H0QF7,Indigo,KOZHIKODE - (CCJ),MUMBAI - (BOM),10-09-2020 09:10,10-09-2020 13:10,4,2,ECONOMY,FLYMORE,5656
FQXH7,Indigo,KOZHIKODE - (CCJ),DELHI - (DEL),11-09-2020 02:05,11-09-2020 06:05,4,2,ECONOMY,FLYMORE,3456
NO3EY,Indigo,KOZHIKODE - (CCJ),COIMBATORE - (CBE),12-09-2020 10:05,12-09-2020 14:05,4,2,ECONOMY,FLYMORE,5642
1JUFA,Indigo,KOZHIKODE - (CCJ),CHENNAI - (MAA),08-09-2020 21:05,09-09-2020 00:06,3,1,ECONOMY,TRAVELNOW,3210
42JLX,Indigo,KOZHIKODE - (CCJ),BANGLORE - (BLR),09-09-2020 10:21,09-09-2020 13:21,3,1,ECONOMY,TRAVELNOW,2210
WR65O,Indigo,KOZHIKODE - (CCJ),MUMBAI - (BOM),10-09-2020 09:10,10-09-2020 12:10,3,1,ECONOMY,TRAVELNOW,4230
3LMJW,Indigo,KOZHIKODE - (CCJ),DELHI - (DEL),11-09-2020 02:05,11-09-2020 05:05,3,1,ECONOMY,TRAVELNOW,3420
HOY6X,Indigo,KOZHIKODE - (CCJ),COIMBATORE - (CBE),12-09-2020 10:05,12-09-2020 13:05,3,1,ECONOMY,TRAVELNOW,2230
0SFPN,Indigo,KOZHIKODE - (CCJ),CHENNAI - (MAA),08-09-2020 21:05,08-09-2020 23:06,2,0,BUSINESS,FLYMORE,9000
768MY,Indigo,KOZHIKODE - (CCJ),BANGLORE - (BLR),09-09-2020 10:21,09-09-2020 12:21,2,0,BUSINESS,FLYMORE,8540
37W2O,Indigo,KOZHIKODE - (CCJ),MUMBAI - (BOM),10-09-2020 09:10,10-09-2020 11:10,2,0,BUSINESS,TRAVELNOW,8950
R4GA1,Indigo,KOZHIKODE - (CCJ),DELHI - (DEL),11-09-2020 02:05,11-09-2020 04:05,2,0,BUSINESS,TRAVELNOW,7845
L1RT6,Indigo,KOZHIKODE - (CCJ),COIMBATORE - (CBE),12-09-2020 10:05,12-09-2020 12:05,2,0,BUSINESS,TRAVELNOW,7865
JK42V,AirAsia,KOZHIKODE - (CCJ),CHENNAI - (MAA),08-09-2020 21:05,09-09-2020 03:06,6,4,First Class,FLYMORE,5640
02GKM,AirAsia,KOZHIKODE - (CCJ),BANGLORE - (BLR),09-09-2020 10:21,09-09-2020 16:21,6,4,First Class,FLYMORE,4542
JTPCO,AirAsia,KOZHIKODE - (CCJ),MUMBAI - (BOM),10-09-2020 09:10,10-09-2020 15:10,6,4,First Class,FLYMORE,4650
6I3XP,AirAsia,KOZHIKODE - (CCJ),DELHI - (DEL),11-09-2020 02:05,11-09-2020 08:05,6,4,First Class,FLYMORE,5010
BRX6U,AirAsia,KOZHIKODE - (CCJ),COIMBATORE - (CBE),12-09-2020 10:05,12-09-2020 16:05,6,4,First Class,FLYMORE,6540
PHQNG,AirAsia,KOZHIKODE - (CCJ),CHENNAI - (MAA),08-09-2020 21:05,09-09-2020 02:06,5,3,First Class,TRAVELNOW,4500
5K942,AirAsia,KOZHIKODE - (CCJ),BANGLORE - (BLR),09-09-2020 10:21,09-09-2020 15:21,5,3,First Class,TRAVELNOW,8540
3JR4N,AirAsia,KOZHIKODE - (CCJ),MUMBAI - (BOM),10-09-2020 09:10,10-09-2020 14:10,5,3,First Class,TRAVELNOW,8950
HJ4Z8,AirAsia,KOZHIKODE - (CCJ),DELHI - (DEL),11-09-2020 02:05,11-09-2020 07:05,5,3,First Class,TRAVELNOW,7845
EAFXI,AirAsia,KOZHIKODE - (CCJ),COIMBATORE - (CBE),12-09-2020 10:05,12-09-2020 15:05,5,3,First Class,TRAVELNOW,7865
3RPWR,AirAsia,KOZHIKODE - (CCJ),CHENNAI - (MAA),08-09-2020 21:05,09-09-2020 01:06,4,2,ECONOMY,FLYMORE,4510
WMH83,AirAsia,KOZHIKODE - (CCJ),BANGLORE - (BLR),09-09-2020 10:21,09-09-2020 14:21,4,2,ECONOMY,FLYMORE,4545
L9QDJ,AirAsia,KOZHIKODE - (CCJ),MUMBAI - (BOM),10-09-2020 09:10,10-09-2020 13:10,4,2,ECONOMY,FLYMORE,5656
B2LYK,AirAsia,KOZHIKODE - (CCJ),DELHI - (DEL),11-09-2020 02:05,11-09-2020 06:05,4,2,ECONOMY,FLYMORE,3456
2AYF9,AirAsia,KOZHIKODE - (CCJ),COIMBATORE - (CBE),12-09-2020 10:05,12-09-2020 14:05,4,2,ECONOMY,FLYMORE,5642
7F857,AirAsia,KOZHIKODE - (CCJ),CHENNAI - (MAA),08-09-2020 21:05,09-09-2020 00:06,3,1,ECONOMY,TRAVELNOW,3210
FYD1V,AirAsia,KOZHIKODE - (CCJ),BANGLORE - (BLR),09-09-2020 10:21,09-09-2020 13:21,3,1,ECONOMY,TRAVELNOW,2210
TX0ST,AirAsia,KOZHIKODE - (CCJ),MUMBAI - (BOM),10-09-2020 09:10,10-09-2020 12:10,3,1,ECONOMY,TRAVELNOW,4230
OR632,AirAsia,KOZHIKODE - (CCJ),DELHI - (DEL),11-09-2020 02:05,11-09-2020 05:05,3,1,ECONOMY,TRAVELNOW,3420
22XRG,AirAsia,KOZHIKODE - (CCJ),COIMBATORE - (CBE),12-09-2020 10:05,12-09-2020 13:05,3,1,ECONOMY,TRAVELNOW,2230
E6J3R,AirAsia,KOZHIKODE - (CCJ),CHENNAI - (MAA),08-09-2020 21:05,08-09-2020 23:06,2,0,BUSINESS,FLYMORE,9000
0CZK4,AirAsia,KOZHIKODE - (CCJ),BANGLORE - (BLR),09-09-2020 10:21,09-09-2020 12:21,2,0,BUSINESS,FLYMORE,8540
TA11T,AirAsia,KOZHIKODE - (CCJ),MUMBAI - (BOM),10-09-2020 09:10,10-09-2020 11:10,2,0,BUSINESS,TRAVELNOW,8950
VH845,AirAsia,KOZHIKODE - (CCJ),DELHI - (DEL),11-09-2020 02:05,11-09-2020 04:05,2,0,BUSINESS,TRAVELNOW,7845
W1AT8,AirAsia,KOZHIKODE - (CCJ),COIMBATORE - (CBE),12-09-2020 10:05,12-09-2020 12:05,2,0,BUSINESS,TRAVELNOW,7865
GR2MN,AirIndia,KOZHIKODE - (CCJ),CHENNAI - (MAA),08-09-2020 21:05,09-09-2020 03:06,6,4,First Class,FLYMORE,5640
XPFWG,AirIndia,KOZHIKODE - (CCJ),BANGLORE - (BLR),09-09-2020 10:21,09-09-2020 16:21,6,4,First Class,FLYMORE,4542
B7EJE,AirIndia,KOZHIKODE - (CCJ),MUMBAI - (BOM),10-09-2020 09:10,10-09-2020 15:10,6,4,First Class,FLYMORE,4650
LUFSQ,AirIndia,KOZHIKODE - (CCJ),DELHI - (DEL),11-09-2020 02:05,11-09-2020 08:05,6,4,First Class,FLYMORE,5010
757ZB,AirIndia,KOZHIKODE - (CCJ),COIMBATORE - (CBE),12-09-2020 10:05,12-09-2020 16:05,6,4,First Class,FLYMORE,6540
T476E,AirIndia,KOZHIKODE - (CCJ),CHENNAI - (MAA),08-09-2020 21:05,09-09-2020 02:06,5,3,First Class,TRAVELNOW,4500
4DE3Z,AirIndia,KOZHIKODE - (CCJ),BANGLORE - (BLR),09-09-2020 10:21,09-09-2020 15:21,5,3,First Class,TRAVELNOW,8540
YMWDJ,AirIndia,KOZHIKODE - (CCJ),MUMBAI - (BOM),10-09-2020 09:10,10-09-2020 14:10,5,3,First Class,TRAVELNOW,8950
6KQG9,AirIndia,KOZHIKODE - (CCJ),DELHI - (DEL),11-09-2020 02:05,11-09-2020 07:05,5,3,First Class,TRAVELNOW,7845
BDPDH,AirIndia,KOZHIKODE - (CCJ),COIMBATORE - (CBE),12-09-2020 10:05,12-09-2020 15:05,5,3,First Class,TRAVELNOW,7865
R8MSS,AirIndia,KOZHIKODE - (CCJ),CHENNAI - (MAA),08-09-2020 21:05,09-09-2020 01:06,4,2,ECONOMY,FLYMORE,4510
PZ1PC,AirIndia,KOZHIKODE - (CCJ),BANGLORE - (BLR),09-09-2020 10:21,09-09-2020 14:21,4,2,ECONOMY,FLYMORE,4545
3PXHE,AirIndia,KOZHIKODE - (CCJ),MUMBAI - (BOM),10-09-2020 09:10,10-09-2020 13:10,4,2,ECONOMY,FLYMORE,5656
RYGE5,AirIndia,KOZHIKODE - (CCJ),DELHI - (DEL),11-09-2020 02:05,11-09-2020 06:05,4,2,ECONOMY,FLYMORE,3456
ZCB85,AirIndia,KOZHIKODE - (CCJ),COIMBATORE - (CBE),12-09-2020 10:05,12-09-2020 14:05,4,2,ECONOMY,FLYMORE,5642
82K68,AirIndia,KOZHIKODE - (CCJ),CHENNAI - (MAA),08-09-2020 21:05,09-09-2020 00:06,3,1,ECONOMY,TRAVELNOW,3210
QASKA,AirIndia,KOZHIKODE - (CCJ),BANGLORE - (BLR),09-09-2020 10:21,09-09-2020 13:21,3,1,ECONOMY,TRAVELNOW,2210
QU48D,AirIndia,KOZHIKODE - (CCJ),MUMBAI - (BOM),10-09-2020 09:10,10-09-2020 12:10,3,1,ECONOMY,TRAVELNOW,4230
CIXWC,AirIndia,KOZHIKODE - (CCJ),DELHI - (DEL),11-09-2020 02:05,11-09-2020 05:05,3,1,ECONOMY,TRAVELNOW,3420
26ICA,AirIndia,KOZHIKODE - (CCJ),COIMBATORE - (CBE),12-09-2020 10:05,12-09-2020 13:05,3,1,ECONOMY,TRAVELNOW,2230
S6JQF,AirIndia,KOZHIKODE - (CCJ),CHENNAI - (MAA),08-09-2020 21:05,08-09-2020 23:06,2,0,BUSINESS,FLYMORE,9000
OL4HG,AirIndia,KOZHIKODE - (CCJ),BANGLORE - (BLR),09-09-2020 10:21,09-09-2020 12:21,2,0,BUSINESS,FLYMORE,8540
H3TWP,AirIndia,KOZHIKODE - (CCJ),MUMBAI - (BOM),10-09-2020 09:10,10-09-2020 11:10,2,0,BUSINESS,TRAVELNOW,8950
80K1G,AirIndia,KOZHIKODE - (CCJ),DELHI - (DEL),11-09-2020 02:05,11-09-2020 04:05,2,0,BUSINESS,TRAVELNOW,7845
9GIGZ,AirIndia,KOZHIKODE - (CCJ),COIMBATORE - (CBE),12-09-2020 10:05,12-09-2020 12:05,2,0,BUSINESS,TRAVELNOW,7865
CPQ1V,SpiceJet,KOZHIKODE - (CCJ),CHENNAI - (MAA),08-09-2020 21:05,09-09-2020 03:06,6,4,First Class,FLYMORE,5640
BM2VN,SpiceJet,KOZHIKODE - (CCJ),BANGLORE - (BLR),09-09-2020 10:21,09-09-2020 16:21,6,4,First Class,FLYMORE,4542
DGY2B,SpiceJet,KOZHIKODE - (CCJ),MUMBAI - (BOM),10-09-2020 09:10,10-09-2020 15:10,6,4,First Class,FLYMORE,4650
OY6WF,SpiceJet,KOZHIKODE - (CCJ),DELHI - (DEL),11-09-2020 02:05,11-09-2020 08:05,6,4,First Class,FLYMORE,5010
2Z0WL,SpiceJet,KOZHIKODE - (CCJ),COIMBATORE - (CBE),12-09-2020 10:05,12-09-2020 16:05,6,4,First Class,FLYMORE,6540
S5BF4,SpiceJet,KOZHIKODE - (CCJ),CHENNAI - (MAA),08-09-2020 21:05,09-09-2020 02:06,5,3,First Class,TRAVELNOW,4500
X3TPI,SpiceJet,KOZHIKODE - (CCJ),BANGLORE - (BLR),09-09-2020 10:21,09-09-2020 15:21,5,3,First Class,TRAVELNOW,8540
NCWW0,SpiceJet,KOZHIKODE - (CCJ),MUMBAI - (BOM),10-09-2020 09:10,10-09-2020 14:10,5,3,First Class,TRAVELNOW,8950
HBH8E,SpiceJet,KOZHIKODE - (CCJ),DELHI - (DEL),11-09-2020 02:05,11-09-2020 07:05,5,3,First Class,TRAVELNOW,7845
4POHB,SpiceJet,KOZHIKODE - (CCJ),COIMBATORE - (CBE),12-09-2020 10:05,12-09-2020 15:05,5,3,First Class,TRAVELNOW,7865
RUP8B,SpiceJet,KOZHIKODE - (CCJ),CHENNAI - (MAA),08-09-2020 21:05,09-09-2020 01:06,4,2,ECONOMY,FLYMORE,4510
0PJKA,SpiceJet,KOZHIKODE - (CCJ),BANGLORE - (BLR),09-09-2020 10:21,09-09-2020 14:21,4,2,ECONOMY,FLYMORE,4545
INI6N,SpiceJet,KOZHIKODE - (CCJ),MUMBAI - (BOM),10-09-2020 09:10,10-09-2020 13:10,4,2,ECONOMY,FLYMORE,5656
H55L0,SpiceJet,KOZHIKODE - (CCJ),DELHI - (DEL),11-09-2020 02:05,11-09-2020 06:05,4,2,ECONOMY,FLYMORE,3456
NMI5D,SpiceJet,KOZHIKODE - (CCJ),COIMBATORE - (CBE),12-09-2020 10:05,12-09-2020 14:05,4,2,ECONOMY,FLYMORE,5642
FSDH8,SpiceJet,KOZHIKODE - (CCJ),CHENNAI - (MAA),08-09-2020 21:05,09-09-2020 00:06,3,1,ECONOMY,TRAVELNOW,3210
LDK37,SpiceJet,KOZHIKODE - (CCJ),BANGLORE - (BLR),09-09-2020 10:21,09-09-2020 13:21,3,1,ECONOMY,TRAVELNOW,2210
7EBDG,SpiceJet,KOZHIKODE - (CCJ),MUMBAI - (BOM),10-09-2020 09:10,10-09-2020 12:10,3,1,ECONOMY,TRAVELNOW,4230
6VZUV,SpiceJet,KOZHIKODE - (CCJ),DELHI - (DEL),11-09-2020 02:05,11-09-2020 05:05,3,1,ECONOMY,TRAVELNOW,3420
I3ANV,SpiceJet,KOZHIKODE - (CCJ),COIMBATORE - (CBE),12-09-2020 10:05,12-09-2020 13:05,3,1,ECONOMY,TRAVELNOW,2230
ZNBGD,SpiceJet,KOZHIKODE - (CCJ),CHENNAI - (MAA),08-09-2020 21:05,08-09-2020 23:06,2,0,BUSINESS,FLYMORE,9000
RVRC6,SpiceJet,KOZHIKODE - (CCJ),BANGLORE - (BLR),09-09-2020 10:21,09-09-2020 12:21,2,0,BUSINESS,FLYMORE,8540
JVL5I,SpiceJet,KOZHIKODE - (CCJ),MUMBAI - (BOM),10-09-2020 09:10,10-09-2020 11:10,2,0,BUSINESS,TRAVELNOW,8950
KOU6Z,SpiceJet,KOZHIKODE - (CCJ),DELHI - (DEL),11-09-2020 02:05,11-09-2020 04:05,2,0,BUSINESS,TRAVELNOW,7845
0HYWT,SpiceJet,KOZHIKODE - (CCJ),COIMBATORE - (CBE),12-09-2020 10:05,12-09-2020 12:05,2,0,BUSINESS,TRAVELNOW,7865
ABZ7F,JetAirways,KOZHIKODE - (CCJ),CHENNAI - (MAA),08-09-2020 21:05,09-09-2020 03:06,6,4,First Class,FLYMORE,5640
7WS84,JetAirways,KOZHIKODE - (CCJ),BANGLORE - (BLR),09-09-2020 10:21,09-09-2020 16:21,6,4,First Class,FLYMORE,4542
WVEJ3,JetAirways,KOZHIKODE - (CCJ),MUMBAI - (BOM),10-09-2020 09:10,10-09-2020 15:10,6,4,First Class,FLYMORE,4650
F8V2L,JetAirways,KOZHIKODE - (CCJ),DELHI - (DEL),11-09-2020 02:05,11-09-2020 08:05,6,4,First Class,FLYMORE,5010
65LUP,JetAirways,KOZHIKODE - (CCJ),COIMBATORE - (CBE),12-09-2020 10:05,12-09-2020 16:05,6,4,First Class,FLYMORE,6540
VVF0W,JetAirways,KOZHIKODE - (CCJ),CHENNAI - (MAA),08-09-2020 21:05,09-09-2020 02:06,5,3,First Class,TRAVELNOW,4500
KMJYD,JetAirways,KOZHIKODE - (CCJ),BANGLORE - (BLR),09-09-2020 10:21,09-09-2020 15:21,5,3,First Class,TRAVELNOW,8540
GND5L,JetAirways,KOZHIKODE - (CCJ),MUMBAI - (BOM),10-09-2020 09:10,10-09-2020 14:10,5,3,First Class,TRAVELNOW,8950
J9ZO4,JetAirways,KOZHIKODE - (CCJ),DELHI - (DEL),11-09-2020 02:05,11-09-2020 07:05,5,3,First Class,TRAVELNOW,7845
M5L3G,JetAirways,KOZHIKODE - (CCJ),COIMBATORE - (CBE),12-09-2020 10:05,12-09-2020 15:05,5,3,First Class,TRAVELNOW,7865
4BO8J,JetAirways,KOZHIKODE - (CCJ),CHENNAI - (MAA),08-09-2020 21:05,09-09-2020 01:06,4,2,ECONOMY,FLYMORE,4510
YY4QR,JetAirways,KOZHIKODE - (CCJ),BANGLORE - (BLR),09-09-2020 10:21,09-09-2020 14:21,4,2,ECONOMY,FLYMORE,4545
EOH32,JetAirways,KOZHIKODE - (CCJ),MUMBAI - (BOM),10-09-2020 09:10,10-09-2020 13:10,4,2,ECONOMY,FLYMORE,5656
J4B6E,JetAirways,KOZHIKODE - (CCJ),DELHI - (DEL),11-09-2020 02:05,11-09-2020 06:05,4,2,ECONOMY,FLYMORE,3456
S9PUQ,JetAirways,KOZHIKODE - (CCJ),COIMBATORE - (CBE),12-09-2020 10:05,12-09-2020 14:05,4,2,ECONOMY,FLYMORE,5642
5CV4P,JetAirways,KOZHIKODE - (CCJ),CHENNAI - (MAA),08-09-2020 21:05,09-09-2020 00:06,3,1,ECONOMY,TRAVELNOW,3210
FR3GN,JetAirways,KOZHIKODE - (CCJ),BANGLORE - (BLR),09-09-2020 10:21,09-09-2020 13:21,3,1,ECONOMY,TRAVELNOW,2210
T2O1M,JetAirways,KOZHIKODE - (CCJ),MUMBAI - (BOM),10-09-2020 09:10,10-09-2020 12:10,3,1,ECONOMY,TRAVELNOW,4230
Y136G,JetAirways,KOZHIKODE - (CCJ),DELHI - (DEL),11-09-2020 02:05,11-09-2020 05:05,3,1,ECONOMY,TRAVELNOW,3420
F97WX,JetAirways,KOZHIKODE - (CCJ),COIMBATORE - (CBE),12-09-2020 10:05,12-09-2020 13:05,3,1,ECONOMY,TRAVELNOW,2230
PULVV,JetAirways,KOZHIKODE - (CCJ),CHENNAI - (MAA),08-09-2020 21:05,08-09-2020 23:06,2,0,BUSINESS,FLYMORE,9000
A6C3S,JetAirways,KOZHIKODE - (CCJ),BANGLORE - (BLR),09-09-2020 10:21,09-09-2020 12:21,2,0,BUSINESS,FLYMORE,8540
XY0WN,JetAirways,KOZHIKODE - (CCJ),MUMBAI - (BOM),10-09-2020 09:10,10-09-2020 11:10,2,0,BUSINESS,TRAVELNOW,8950
A6OXL,JetAirways,KOZHIKODE - (CCJ),DELHI - (DEL),11-09-2020 02:05,11-09-2020 04:05,2,0,BUSINESS,TRAVELNOW,7845
90AFU,JetAirways,KOZHIKODE - (CCJ),COIMBATORE - (CBE),12-09-2020 10:05,12-09-2020 12:05,2,0,BUSINESS,TRAVELNOW,7865
P5IJ7,GOAIR,KOZHIKODE - (CCJ),CHENNAI - (MAA),08-09-2020 21:05,09-09-2020 03:06,6,4,First Class,FLYMORE,5640
2MQ0L,GOAIR,KOZHIKODE - (CCJ),BANGLORE - (BLR),09-09-2020 10:21,09-09-2020 16:21,6,4,First Class,FLYMORE,4542
OS8V5,GOAIR,KOZHIKODE - (CCJ),MUMBAI - (BOM),10-09-2020 09:10,10-09-2020 15:10,6,4,First Class,FLYMORE,4650
ZLAVW,GOAIR,KOZHIKODE - (CCJ),DELHI - (DEL),11-09-2020 02:05,11-09-2020 08:05,6,4,First Class,FLYMORE,5010
Q1RDF,GOAIR,KOZHIKODE - (CCJ),COIMBATORE - (CBE),12-09-2020 10:05,12-09-2020 16:05,6,4,First Class,FLYMORE,6540
C036S,GOAIR,KOZHIKODE - (CCJ),CHENNAI - (MAA),08-09-2020 21:05,09-09-2020 02:06,5,3,First Class,TRAVELNOW,4500
O6474,GOAIR,KOZHIKODE - (CCJ),BANGLORE - (BLR),09-09-2020 10:21,09-09-2020 15:21,5,3,First Class,TRAVELNOW,8540
AND6J,GOAIR,KOZHIKODE - (CCJ),MUMBAI - (BOM),10-09-2020 09:10,10-09-2020 14:10,5,3,First Class,TRAVELNOW,8950
06Y3W,GOAIR,KOZHIKODE - (CCJ),DELHI - (DEL),11-09-2020 02:05,11-09-2020 07:05,5,3,First Class,TRAVELNOW,7845
ZP4VH,GOAIR,KOZHIKODE - (CCJ),COIMBATORE - (CBE),12-09-2020 10:05,12-09-2020 15:05,5,3,First Class,TRAVELNOW,7865
Q4PAN,GOAIR,KOZHIKODE - (CCJ),CHENNAI - (MAA),08-09-2020 21:05,09-09-2020 01:06,4,2,ECONOMY,FLYMORE,4510
5JPVM,GOAIR,KOZHIKODE - (CCJ),BANGLORE - (BLR),09-09-2020 10:21,09-09-2020 14:21,4,2,ECONOMY,FLYMORE,4545
AI2AK,GOAIR,KOZHIKODE - (CCJ),MUMBAI - (BOM),10-09-2020 09:10,10-09-2020 13:10,4,2,ECONOMY,FLYMORE,5656
E38RC,GOAIR,KOZHIKODE - (CCJ),DELHI - (DEL),11-09-2020 02:05,11-09-2020 06:05,4,2,ECONOMY,FLYMORE,3456
5CHH1,GOAIR,KOZHIKODE - (CCJ),COIMBATORE - (CBE),12-09-2020 10:05,12-09-2020 14:05,4,2,ECONOMY,FLYMORE,5642
DOK5M,GOAIR,KOZHIKODE - (CCJ),CHENNAI - (MAA),08-09-2020 21:05,09-09-2020 00:06,3,1,ECONOMY,TRAVELNOW,3210
RRR2G,GOAIR,KOZHIKODE - (CCJ),BANGLORE - (BLR),09-09-2020 10:21,09-09-2020 13:21,3,1,ECONOMY,TRAVELNOW,2210
JHOCJ,GOAIR,KOZHIKODE - (CCJ),MUMBAI - (BOM),10-09-2020 09:10,10-09-2020 12:10,3,1,ECONOMY,TRAVELNOW,4230
XM70U,GOAIR,KOZHIKODE - (CCJ),DELHI - (DEL),11-09-2020 02:05,11-09-2020 05:05,3,1,ECONOMY,TRAVELNOW,3420
JSQJJ,GOAIR,KOZHIKODE - (CCJ),COIMBATORE - (CBE),12-09-2020 10:05,12-09-2020 13:05,3,1,ECONOMY,TRAVELNOW,2230
89I57,GOAIR,KOZHIKODE - (CCJ),CHENNAI - (MAA),08-09-2020 21:05,08-09-2020 23:06,2,0,BUSINESS,FLYMORE,9000
HV7PJ,GOAIR,KOZHIKODE - (CCJ),BANGLORE - (BLR),09-09-2020 10:21,09-09-2020 12:21,2,0,BUSINESS,FLYMORE,8540
AY0M1,GOAIR,KOZHIKODE - (CCJ),MUMBAI - (BOM),10-09-2020 09:10,10-09-2020 11:10,2,0,BUSINESS,TRAVELNOW,8950
FMJTN,GOAIR,KOZHIKODE - (CCJ),DELHI - (DEL),11-09-2020 02:05,11-09-2020 04:05,2,0,BUSINESS,TRAVELNOW,7845
T8S5J,GOAIR,KOZHIKODE - (CCJ),COIMBATORE - (CBE),12-09-2020 10:05,12-09-2020 12:05,2,0,BUSINESS,TRAVELNOW,7865
BYKQY,Indigo,MUMBAI - (BOM),KOZHIKODE - (CCJ),08-09-2020 21:05,09-09-2020 03:06,6,4,First Class,FLYMORE,5640
FO0OZ,Indigo,MUMBAI - (BOM),BANGLORE - (BLR),09-09-2020 10:21,09-09-2020 16:21,6,4,First Class,FLYMORE,4542
VFSPF,Indigo,MUMBAI - (BOM),CHENNAI - (MAA),10-09-2020 09:10,10-09-2020 15:10,6,4,First Class,FLYMORE,4650
17C1V,Indigo,MUMBAI - (BOM),DELHI - (DEL),11-09-2020 02:05,11-09-2020 08:05,6,4,First Class,FLYMORE,5010
88WT6,Indigo,MUMBAI - (BOM),COIMBATORE - (CBE),12-09-2020 10:05,12-09-2020 16:05,6,4,First Class,FLYMORE,6540
G3DIX,Indigo,MUMBAI - (BOM),KOZHIKODE - (CCJ),08-09-2020 21:05,09-09-2020 02:06,5,3,First Class,TRAVELNOW,4500
FI9T9,Indigo,MUMBAI - (BOM),BANGLORE - (BLR),09-09-2020 10:21,09-09-2020 15:21,5,3,First Class,TRAVELNOW,8540
MOUG5,Indigo,MUMBAI - (BOM),CHENNAI - (MAA),10-09-2020 09:10,10-09-2020 14:10,5,3,First Class,TRAVELNOW,8950
7A15U,Indigo,MUMBAI - (BOM),DELHI - (DEL),11-09-2020 02:05,11-09-2020 07:05,5,3,First Class,TRAVELNOW,7845
AZAT6,Indigo,MUMBAI - (BOM),COIMBATORE - (CBE),12-09-2020 10:05,12-09-2020 15:05,5,3,First Class,TRAVELNOW,7865
66B9P,Indigo,MUMBAI - (BOM),KOZHIKODE - (CCJ),08-09-2020 21:05,09-09-2020 01:06,4,2,ECONOMY,FLYMORE,4510
MYHEZ,Indigo,MUMBAI - (BOM),BANGLORE - (BLR),09-09-2020 10:21,09-09-2020 14:21,4,2,ECONOMY,FLYMORE,4545
MZILW,Indigo,MUMBAI - (BOM),CHENNAI - (MAA),10-09-2020 09:10,10-09-2020 13:10,4,2,ECONOMY,FLYMORE,5656
C0670,Indigo,MUMBAI - (BOM),DELHI - (DEL),11-09-2020 02:05,11-09-2020 06:05,4,2,ECONOMY,FLYMORE,3456
3UGAI,Indigo,MUMBAI - (BOM),COIMBATORE - (CBE),12-09-2020 10:05,12-09-2020 14:05,4,2,ECONOMY,FLYMORE,5642
RULG2,Indigo,MUMBAI - (BOM),KOZHIKODE - (CCJ),08-09-2020 21:05,09-09-2020 00:06,3,1,ECONOMY,TRAVELNOW,3210
FBHSY,Indigo,MUMBAI - (BOM),BANGLORE - (BLR),09-09-2020 10:21,09-09-2020 13:21,3,1,ECONOMY,TRAVELNOW,2210
B93LP,Indigo,MUMBAI - (BOM),CHENNAI - (MAA),10-09-2020 09:10,10-09-2020 12:10,3,1,ECONOMY,TRAVELNOW,4230
3BUQK,Indigo,MUMBAI - (BOM),DELHI - (DEL),11-09-2020 02:05,11-09-2020 05:05,3,1,ECONOMY,TRAVELNOW,3420
VCKVM,Indigo,MUMBAI - (BOM),COIMBATORE - (CBE),12-09-2020 10:05,12-09-2020 13:05,3,1,ECONOMY,TRAVELNOW,2230
4SBMJ,Indigo,MUMBAI - (BOM),KOZHIKODE - (CCJ),08-09-2020 21:05,08-09-2020 23:06,2,0,BUSINESS,FLYMORE,9000
W8X9C,Indigo,MUMBAI - (BOM),BANGLORE - (BLR),09-09-2020 10:21,09-09-2020 12:21,2,0,BUSINESS,FLYMORE,8540
2I1S9,Indigo,MUMBAI - (BOM),CHENNAI - (MAA),10-09-2020 09:10,10-09-2020 11:10,2,0,BUSINESS,TRAVELNOW,8950
3S3G4,Indigo,MUMBAI - (BOM),DELHI - (DEL),11-09-2020 02:05,11-09-2020 04:05,2,0,BUSINESS,TRAVELNOW,7845
0XYEZ,Indigo,MUMBAI - (BOM),COIMBATORE - (CBE),12-09-2020 10:05,12-09-2020 12:05,2,0,BUSINESS,TRAVELNOW,7865
J65K8,AirAsia,MUMBAI - (BOM),KOZHIKODE - (CCJ),08-09-2020 21:05,09-09-2020 03:06,6,4,First Class,FLYMORE,5640
Q140V,AirAsia,MUMBAI - (BOM),BANGLORE - (BLR),09-09-2020 10:21,09-09-2020 16:21,6,4,First Class,FLYMORE,4542
EFL3V,AirAsia,MUMBAI - (BOM),CHENNAI - (MAA),10-09-2020 09:10,10-09-2020 15:10,6,4,First Class,FLYMORE,4650
XC0U3,AirAsia,MUMBAI - (BOM),DELHI - (DEL),11-09-2020 02:05,11-09-2020 08:05,6,4,First Class,FLYMORE,5010
CPKXJ,AirAsia,MUMBAI - (BOM),COIMBATORE - (CBE),12-09-2020 10:05,12-09-2020 16:05,6,4,First Class,FLYMORE,6540
F4LP3,AirAsia,MUMBAI - (BOM),KOZHIKODE - (CCJ),08-09-2020 21:05,09-09-2020 02:06,5,3,First Class,TRAVELNOW,4500
SQWLN,AirAsia,MUMBAI - (BOM),BANGLORE - (BLR),09-09-2020 10:21,09-09-2020 15:21,5,3,First Class,TRAVELNOW,8540
4ULS4,AirAsia,MUMBAI - (BOM),CHENNAI - (MAA),10-09-2020 09:10,10-09-2020 14:10,5,3,First Class,TRAVELNOW,8950
CWWAX,AirAsia,MUMBAI - (BOM),DELHI - (DEL),11-09-2020 02:05,11-09-2020 07:05,5,3,First Class,TRAVELNOW,7845
O7YT2,AirAsia,MUMBAI - (BOM),COIMBATORE - (CBE),12-09-2020 10:05,12-09-2020 15:05,5,3,First Class,TRAVELNOW,7865
Z5EID,AirAsia,MUMBAI - (BOM),KOZHIKODE - (CCJ),08-09-2020 21:05,09-09-2020 01:06,4,2,ECONOMY,FLYMORE,4510
WOT8T,AirAsia,MUMBAI - (BOM),BANGLORE - (BLR),09-09-2020 10:21,09-09-2020 14:21,4,2,ECONOMY,FLYMORE,4545
NMWZR,AirAsia,MUMBAI - (BOM),CHENNAI - (MAA),10-09-2020 09:10,10-09-2020 13:10,4,2,ECONOMY,FLYMORE,5656
P140H,AirAsia,MUMBAI - (BOM),DELHI - (DEL),11-09-2020 02:05,11-09-2020 06:05,4,2,ECONOMY,FLYMORE,3456
T6X7C,AirAsia,MUMBAI - (BOM),COIMBATORE - (CBE),12-09-2020 10:05,12-09-2020 14:05,4,2,ECONOMY,FLYMORE,5642
JS8DW,AirAsia,MUMBAI - (BOM),KOZHIKODE - (CCJ),08-09-2020 21:05,09-09-2020 00:06,3,1,ECONOMY,TRAVELNOW,3210
L3598,AirAsia,MUMBAI - (BOM),BANGLORE - (BLR),09-09-2020 10:21,09-09-2020 13:21,3,1,ECONOMY,TRAVELNOW,2210
QHGIQ,AirAsia,MUMBAI - (BOM),CHENNAI - (MAA),10-09-2020 09:10,10-09-2020 12:10,3,1,ECONOMY,TRAVELNOW,4230
N1N6Q,AirAsia,MUMBAI - (BOM),DELHI - (DEL),11-09-2020 02:05,11-09-2020 05:05,3,1,ECONOMY,TRAVELNOW,3420
D0FD2,AirAsia,MUMBAI - (BOM),COIMBATORE - (CBE),12-09-2020 10:05,12-09-2020 13:05,3,1,ECONOMY,TRAVELNOW,2230
70ABX,AirAsia,MUMBAI - (BOM),KOZHIKODE - (CCJ),08-09-2020 21:05,08-09-2020 23:06,2,0,BUSINESS,FLYMORE,9000
WF2YF,AirAsia,MUMBAI - (BOM),BANGLORE - (BLR),09-09-2020 10:21,09-09-2020 12:21,2,0,BUSINESS,FLYMORE,8540
1KXDN,AirAsia,MUMBAI - (BOM),CHENNAI - (MAA),10-09-2020 09:10,10-09-2020 11:10,2,0,BUSINESS,TRAVELNOW,8950
E5AQC,AirAsia,MUMBAI - (BOM),DELHI - (DEL),11-09-2020 02:05,11-09-2020 04:05,2,0,BUSINESS,TRAVELNOW,7845
XVFJ7,AirAsia,MUMBAI - (BOM),COIMBATORE - (CBE),12-09-2020 10:05,12-09-2020 12:05,2,0,BUSINESS,TRAVELNOW,7865
8GP0V,AirIndia,MUMBAI - (BOM),KOZHIKODE - (CCJ),08-09-2020 21:05,09-09-2020 03:06,6,4,First Class,FLYMORE,5640
6RRSK,AirIndia,MUMBAI - (BOM),BANGLORE - (BLR),09-09-2020 10:21,09-09-2020 16:21,6,4,First Class,FLYMORE,4542
AU1T9,AirIndia,MUMBAI - (BOM),CHENNAI - (MAA),10-09-2020 09:10,10-09-2020 15:10,6,4,First Class,FLYMORE,4650
BI4CR,AirIndia,MUMBAI - (BOM),DELHI - (DEL),11-09-2020 02:05,11-09-2020 08:05,6,4,First Class,FLYMORE,5010
6YBL5,AirIndia,MUMBAI - (BOM),COIMBATORE - (CBE),12-09-2020 10:05,12-09-2020 16:05,6,4,First Class,FLYMORE,6540
TZUNO,AirIndia,MUMBAI - (BOM),KOZHIKODE - (CCJ),08-09-2020 21:05,09-09-2020 02:06,5,3,First Class,TRAVELNOW,4500
CKH26,AirIndia,MUMBAI - (BOM),BANGLORE - (BLR),09-09-2020 10:21,09-09-2020 15:21,5,3,First Class,TRAVELNOW,8540
R8G5I,AirIndia,MUMBAI - (BOM),CHENNAI - (MAA),10-09-2020 09:10,10-09-2020 14:10,5,3,First Class,TRAVELNOW,8950
L9WDE,AirIndia,MUMBAI - (BOM),DELHI - (DEL),11-09-2020 02:05,11-09-2020 07:05,5,3,First Class,TRAVELNOW,7845
XNWSF,AirIndia,MUMBAI - (BOM),COIMBATORE - (CBE),12-09-2020 10:05,12-09-2020 15:05,5,3,First Class,TRAVELNOW,7865
E4O44,AirIndia,MUMBAI - (BOM),KOZHIKODE - (CCJ),08-09-2020 21:05,09-09-2020 01:06,4,2,ECONOMY,FLYMORE,4510
85Y59,AirIndia,MUMBAI - (BOM),BANGLORE - (BLR),09-09-2020 10:21,09-09-2020 14:21,4,2,ECONOMY,FLYMORE,4545
KFOT4,AirIndia,MUMBAI - (BOM),CHENNAI - (MAA),10-09-2020 09:10,10-09-2020 13:10,4,2,ECONOMY,FLYMORE,5656
TIKDD,AirIndia,MUMBAI - (BOM),DELHI - (DEL),11-09-2020 02:05,11-09-2020 06:05,4,2,ECONOMY,FLYMORE,3456
PW2FK,AirIndia,MUMBAI - (BOM),COIMBATORE - (CBE),12-09-2020 10:05,12-09-2020 14:05,4,2,ECONOMY,FLYMORE,5642
HQPWI,AirIndia,MUMBAI - (BOM),KOZHIKODE - (CCJ),08-09-2020 21:05,09-09-2020 00:06,3,1,ECONOMY,TRAVELNOW,3210
ZZYMU,AirIndia,MUMBAI - (BOM),BANGLORE - (BLR),09-09-2020 10:21,09-09-2020 13:21,3,1,ECONOMY,TRAVELNOW,2210
61WJ6,AirIndia,MUMBAI - (BOM),CHENNAI - (MAA),10-09-2020 09:10,10-09-2020 12:10,3,1,ECONOMY,TRAVELNOW,4230
OZTF0,AirIndia,MUMBAI - (BOM),DELHI - (DEL),11-09-2020 02:05,11-09-2020 05:05,3,1,ECONOMY,TRAVELNOW,3420
FYF7H,AirIndia,MUMBAI - (BOM),COIMBATORE - (CBE),12-09-2020 10:05,12-09-2020 13:05,3,1,ECONOMY,TRAVELNOW,2230
QHG7A,AirIndia,MUMBAI - (BOM),KOZHIKODE - (CCJ),08-09-2020 21:05,08-09-2020 23:06,2,0,BUSINESS,FLYMORE,9000
0V01V,AirIndia,MUMBAI - (BOM),BANGLORE - (BLR),09-09-2020 10:21,09-09-2020 12:21,2,0,BUSINESS,FLYMORE,8540
H5SGP,AirIndia,MUMBAI - (BOM),CHENNAI - (MAA),10-09-2020 09:10,10-09-2020 11:10,2,0,BUSINESS,TRAVELNOW,8950
U0RA5,AirIndia,MUMBAI - (BOM),DELHI - (DEL),11-09-2020 02:05,11-09-2020 04:05,2,0,BUSINESS,TRAVELNOW,7845
YHHZD,AirIndia,MUMBAI - (BOM),COIMBATORE - (CBE),12-09-2020 10:05,12-09-2020 12:05,2,0,BUSINESS,TRAVELNOW,7865
CSLAP,SpiceJet,MUMBAI - (BOM),KOZHIKODE - (CCJ),08-09-2020 21:05,09-09-2020 03:06,6,4,First Class,FLYMORE,5640
WJBFG,SpiceJet,MUMBAI - (BOM),BANGLORE - (BLR),09-09-2020 10:21,09-09-2020 16:21,6,4,First Class,FLYMORE,4542
PIBK9,SpiceJet,MUMBAI - (BOM),CHENNAI - (MAA),10-09-2020 09:10,10-09-2020 15:10,6,4,First Class,FLYMORE,4650
6M6S9,SpiceJet,MUMBAI - (BOM),DELHI - (DEL),11-09-2020 02:05,11-09-2020 08:05,6,4,First Class,FLYMORE,5010
NOO9E,SpiceJet,MUMBAI - (BOM),COIMBATORE - (CBE),12-09-2020 10:05,12-09-2020 16:05,6,4,First Class,FLYMORE,6540
DFUVU,SpiceJet,MUMBAI - (BOM),KOZHIKODE - (CCJ),08-09-2020 21:05,09-09-2020 02:06,5,3,First Class,TRAVELNOW,4500
9EQAJ,SpiceJet,MUMBAI - (BOM),BANGLORE - (BLR),09-09-2020 10:21,09-09-2020 15:21,5,3,First Class,TRAVELNOW,8540
BPMO6,SpiceJet,MUMBAI - (BOM),CHENNAI - (MAA),10-09-2020 09:10,10-09-2020 14:10,5,3,First Class,TRAVELNOW,8950
BOGPI,SpiceJet,MUMBAI - (BOM),DELHI - (DEL),11-09-2020 02:05,11-09-2020 07:05,5,3,First Class,TRAVELNOW,7845
8IVT2,SpiceJet,MUMBAI - (BOM),COIMBATORE - (CBE),12-09-2020 10:05,12-09-2020 15:05,5,3,First Class,TRAVELNOW,7865
UX5B7,SpiceJet,MUMBAI - (BOM),KOZHIKODE - (CCJ),08-09-2020 21:05,09-09-2020 01:06,4,2,ECONOMY,FLYMORE,4510
IBQE6,SpiceJet,MUMBAI - (BOM),BANGLORE - (BLR),09-09-2020 10:21,09-09-2020 14:21,4,2,ECONOMY,FLYMORE,4545
4I90L,SpiceJet,MUMBAI - (BOM),CHENNAI - (MAA),10-09-2020 09:10,10-09-2020 13:10,4,2,ECONOMY,FLYMORE,5656
CEUV5,SpiceJet,MUMBAI - (BOM),DELHI - (DEL),11-09-2020 02:05,11-09-2020 06:05,4,2,ECONOMY,FLYMORE,3456
O6UW1,SpiceJet,MUMBAI - (BOM),COIMBATORE - (CBE),12-09-2020 10:05,12-09-2020 14:05,4,2,ECONOMY,FLYMORE,5642
WPOI2,SpiceJet,MUMBAI - (BOM),KOZHIKODE - (CCJ),08-09-2020 21:05,09-09-2020 00:06,3,1,ECONOMY,TRAVELNOW,3210
OPQ66,SpiceJet,MUMBAI - (BOM),BANGLORE - (BLR),09-09-2020 10:21,09-09-2020 13:21,3,1,ECONOMY,TRAVELNOW,2210
FX52U,SpiceJet,MUMBAI - (BOM),CHENNAI - (MAA),10-09-2020 09:10,10-09-2020 12:10,3,1,ECONOMY,TRAVELNOW,4230
3C6WO,SpiceJet,MUMBAI - (BOM),DELHI - (DEL),11-09-2020 02:05,11-09-2020 05:05,3,1,ECONOMY,TRAVELNOW,3420
P89ZA,SpiceJet,MUMBAI - (BOM),COIMBATORE - (CBE),12-09-2020 10:05,12-09-2020 13:05,3,1,ECONOMY,TRAVELNOW,2230
MABNN,SpiceJet,MUMBAI - (BOM),KOZHIKODE - (CCJ),08-09-2020 21:05,08-09-2020 23:06,2,0,BUSINESS,FLYMORE,9000
UBR7J,SpiceJet,MUMBAI - (BOM),BANGLORE - (BLR),09-09-2020 10:21,09-09-2020 12:21,2,0,BUSINESS,FLYMORE,8540
P0458,SpiceJet,MUMBAI - (BOM),CHENNAI - (MAA),10-09-2020 09:10,10-09-2020 11:10,2,0,BUSINESS,TRAVELNOW,8950
VDA76,SpiceJet,MUMBAI - (BOM),DELHI - (DEL),11-09-2020 02:05,11-09-2020 04:05,2,0,BUSINESS,TRAVELNOW,7845
K0E9H,SpiceJet,MUMBAI - (BOM),COIMBATORE - (CBE),12-09-2020 10:05,12-09-2020 12:05,2,0,BUSINESS,TRAVELNOW,7865
WPMPU,JetAirways,MUMBAI - (BOM),KOZHIKODE - (CCJ),08-09-2020 21:05,09-09-2020 03:06,6,4,First Class,FLYMORE,5640
TUGHX,JetAirways,MUMBAI - (BOM),BANGLORE - (BLR),09-09-2020 10:21,09-09-2020 16:21,6,4,First Class,FLYMORE,4542
Y2SYD,JetAirways,MUMBAI - (BOM),CHENNAI - (MAA),10-09-2020 09:10,10-09-2020 15:10,6,4,First Class,FLYMORE,4650
DBYYX,JetAirways,MUMBAI - (BOM),DELHI - (DEL),11-09-2020 02:05,11-09-2020 08:05,6,4,First Class,FLYMORE,5010
CFP3P,JetAirways,MUMBAI - (BOM),COIMBATORE - (CBE),12-09-2020 10:05,12-09-2020 16:05,6,4,First Class,FLYMORE,6540
PCFJN,JetAirways,MUMBAI - (BOM),KOZHIKODE - (CCJ),08-09-2020 21:05,09-09-2020 02:06,5,3,First Class,TRAVELNOW,4500
23SV9,JetAirways,MUMBAI - (BOM),BANGLORE - (BLR),09-09-2020 10:21,09-09-2020 15:21,5,3,First Class,TRAVELNOW,8540
PGLLQ,JetAirways,MUMBAI - (BOM),CHENNAI - (MAA),10-09-2020 09:10,10-09-2020 14:10,5,3,First Class,TRAVELNOW,8950
HXICX,JetAirways,MUMBAI - (BOM),DELHI - (DEL),11-09-2020 02:05,11-09-2020 07:05,5,3,First Class,TRAVELNOW,7845
WA5YK,JetAirways,MUMBAI - (BOM),COIMBATORE - (CBE),12-09-2020 10:05,12-09-2020 15:05,5,3,First Class,TRAVELNOW,7865
5BAB7,JetAirways,MUMBAI - (BOM),KOZHIKODE - (CCJ),08-09-2020 21:05,09-09-2020 01:06,4,2,ECONOMY,FLYMORE,4510
2GYML,JetAirways,MUMBAI - (BOM),BANGLORE - (BLR),09-09-2020 10:21,09-09-2020 14:21,4,2,ECONOMY,FLYMORE,4545
8XXXF,JetAirways,MUMBAI - (BOM),CHENNAI - (MAA),10-09-2020 09:10,10-09-2020 13:10,4,2,ECONOMY,FLYMORE,5656
Q270K,JetAirways,MUMBAI - (BOM),DELHI - (DEL),11-09-2020 02:05,11-09-2020 06:05,4,2,ECONOMY,FLYMORE,3456
NOX8G,JetAirways,MUMBAI - (BOM),COIMBATORE - (CBE),12-09-2020 10:05,12-09-2020 14:05,4,2,ECONOMY,FLYMORE,5642
YTRH8,JetAirways,MUMBAI - (BOM),BANGLORE - (BLR),09-09-2020 10:21,09-09-2020 13:21,3,1,ECONOMY,TRAVELNOW,2210
C1LDM,JetAirways,MUMBAI - (BOM),CHENNAI - (MAA),10-09-2020 09:10,10-09-2020 12:10,3,1,ECONOMY,TRAVELNOW,4230
HH4MA,JetAirways,MUMBAI - (BOM),DELHI - (DEL),11-09-2020 02:05,11-09-2020 05:05,3,1,ECONOMY,TRAVELNOW,3420
8014V,JetAirways,MUMBAI - (BOM),COIMBATORE - (CBE),12-09-2020 10:05,12-09-2020 13:05,3,1,ECONOMY,TRAVELNOW,2230
8JFT4,JetAirways,MUMBAI - (BOM),KOZHIKODE - (CCJ),08-09-2020 21:05,08-09-2020 23:06,2,0,BUSINESS,FLYMORE,9000
E7UUE,JetAirways,MUMBAI - (BOM),CHENNAI - (MAA),10-09-2020 09:10,10-09-2020 11:10,2,0,BUSINESS,TRAVELNOW,8950
CWFZD,JetAirways,MUMBAI - (BOM),DELHI - (DEL),11-09-2020 02:05,11-09-2020 04:05,2,0,BUSINESS,TRAVELNOW,7845
VA8R2,JetAirways,MUMBAI - (BOM),COIMBATORE - (CBE),12-09-2020 10:05,12-09-2020 12:05,2,0,BUSINESS,TRAVELNOW,7865
9DW6O,GOAIR,MUMBAI - (BOM),KOZHIKODE - (CCJ),08-09-2020 21:05,09-09-2020 03:06,6,4,First Class,FLYMORE,5640
N5A71,GOAIR,MUMBAI - (BOM),BANGLORE - (BLR),09-09-2020 10:21,09-09-2020 16:21,6,4,First Class,FLYMORE,4542
WZXVU,GOAIR,MUMBAI - (BOM),DELHI - (DEL),11-09-2020 02:05,11-09-2020 08:05,6,4,First Class,FLYMORE,5010
9O7GC,GOAIR,MUMBAI - (BOM),COIMBATORE - (CBE),12-09-2020 10:05,12-09-2020 16:05,6,4,First Class,FLYMORE,6540
4FD88,GOAIR,MUMBAI - (BOM),KOZHIKODE - (CCJ),08-09-2020 21:05,09-09-2020 02:06,5,3,First Class,TRAVELNOW,4500
ODLD5,GOAIR,MUMBAI - (BOM),BANGLORE - (BLR),09-09-2020 10:21,09-09-2020 15:21,5,3,First Class,TRAVELNOW,8540
J1BIB,GOAIR,MUMBAI - (BOM),CHENNAI - (MAA),10-09-2020 09:10,10-09-2020 14:10,5,3,First Class,TRAVELNOW,8950
H7XLG,GOAIR,MUMBAI - (BOM),COIMBATORE - (CBE),12-09-2020 10:05,12-09-2020 15:05,5,3,First Class,TRAVELNOW,7865
J8MRH,GOAIR,MUMBAI - (BOM),KOZHIKODE - (CCJ),08-09-2020 21:05,09-09-2020 01:06,4,2,ECONOMY,FLYMORE,4510
GR2AG,GOAIR,MUMBAI - (BOM),BANGLORE - (BLR),09-09-2020 10:21,09-09-2020 14:21,4,2,ECONOMY,FLYMORE,4545
IGYAG,GOAIR,MUMBAI - (BOM),CHENNAI - (MAA),10-09-2020 09:10,10-09-2020 13:10,4,2,ECONOMY,FLYMORE,5656
B8PDI,GOAIR,MUMBAI - (BOM),DELHI - (DEL),11-09-2020 02:05,11-09-2020 06:05,4,2,ECONOMY,FLYMORE,3456
XW39K,GOAIR,MUMBAI - (BOM),KOZHIKODE - (CCJ),08-09-2020 21:05,09-09-2020 00:06,3,1,ECONOMY,TRAVELNOW,3210
Q6U8C,GOAIR,MUMBAI - (BOM),BANGLORE - (BLR),09-09-2020 10:21,09-09-2020 13:21,3,1,ECONOMY,TRAVELNOW,2210
K7T5Q,GOAIR,MUMBAI - (BOM),CHENNAI - (MAA),10-09-2020 09:10,10-09-2020 12:10,3,1,ECONOMY,TRAVELNOW,4230
KC76G,GOAIR,MUMBAI - (BOM),DELHI - (DEL),11-09-2020 02:05,11-09-2020 05:05,3,1,ECONOMY,TRAVELNOW,3420
2H2AI,GOAIR,MUMBAI - (BOM),COIMBATORE - (CBE),12-09-2020 10:05,12-09-2020 13:05,3,1,ECONOMY,TRAVELNOW,2230
YDJXG,GOAIR,MUMBAI - (BOM),BANGLORE - (BLR),09-09-2020 10:21,09-09-2020 12:21,2,0,BUSINESS,FLYMORE,8540
CNNQ9,GOAIR,MUMBAI - (BOM),CHENNAI - (MAA),10-09-2020 09:10,10-09-2020 11:10,2,0,BUSINESS,TRAVELNOW,8950
WOCQZ,GOAIR,MUMBAI - (BOM),DELHI - (DEL),11-09-2020 02:05,11-09-2020 04:05,2,0,BUSINESS,TRAVELNOW,7845
Q4ZP9,GOAIR,MUMBAI - (BOM),COIMBATORE - (CBE),12-09-2020 10:05,12-09-2020 12:05,2,0,BUSINESS,TRAVELNOW,7865
